puntuacion,puesto,golesAF,golesEC,partidosGanados,partidosPerdidos,equipo,temporada,división
68,0,49,29,20,6,At. Madrid,1973,1ª
64,1,41,21,18,6,Barcelona,1973,1ª
62,2,48,27,17,6,Espanyol,1973,1ª
60,3,45,29,17,8,Real Madrid,1973,1ª
48,4,44,38,13,12,Castellón,1973,1ª
46,5,37,33,12,12,Valencia,1973,1ª
45,6,41,38,12,13,Ath. Bilbao,1973,1ª
44,7,33,29,11,12,Málaga (C.D.),1973,1ª
44,8,36,36,10,10,Zaragoza,1973,1ª
42,9,38,44,11,14,Las Palmas,1973,1ª
40,10,32,37,11,16,Sporting Gijón,1973,1ª
39,11,30,37,10,15,Celta,1973,1ª
39,12,33,44,9,13,Oviedo,1973,1ª
38,13,25,32,9,14,Granada,1973,1ª
35,14,29,36,7,13,Betis,1973,1ª
34,15,22,44,7,14,Dptivo. Coruña,1973,1ª
33,16,36,63,9,19,Burgos,1973,1ª
78,0,61,26,24,8,Murcia,1973,2ª
70,1,48,28,20,8,Elche,1973,2ª
68,2,41,37,20,10,Rac. Santander,1973,2ª
60,3,45,29,16,10,Sevilla,1973,2ª
57,4,42,32,15,11,Valladolid,1973,2ª
55,5,42,39,16,15,Hércules,1973,2ª
54,6,37,33,15,14,Mallorca,1973,2ª
54,7,49,51,14,12,Sant Andreu,1973,2ª
53,8,43,48,14,13,Barakaldo,1973,2ª
53,9,51,45,14,13,Cádiz,1973,2ª
52,10,58,50,15,16,Rayo Vallecano,1973,2ª
48,11,45,46,13,16,Córdoba,1973,2ª
48,12,45,50,12,14,Sabadell,1973,2ª
47,13,32,49,13,17,Osasuna,1973,2ª
45,14,35,48,12,17,Gimn. Tarragona,1973,2ª
40,15,37,53,10,18,Cult. Leonesa,1973,2ª
40,16,37,50,10,18,Pontevedra,1973,2ª
38,17,40,48,8,16,Logroñés,1973,2ª
71,0,75,24,21,5,Barcelona,1974,1ª
60,1,50,31,18,10,At. Madrid,1974,1ª
56,2,51,38,16,10,Zaragoza,1974,1ª
55,3,46,45,16,11,Real Sociedad,1974,1ª
52,4,35,31,15,12,Ath. Bilbao,1974,1ª
48,5,34,35,12,10,Granada,1974,1ª
47,6,48,38,13,13,Real Madrid,1974,1ª
47,7,34,38,13,13,Espanyol,1974,1ª
47,8,28,35,14,15,Las Palmas,1974,1ª
46,9,41,33,13,14,Valencia,1974,1ª
43,10,49,59,13,17,Sporting Gijón,1974,1ª
42,11,43,49,12,16,Celta,1974,1ª
40,12,25,33,11,16,Elche,1974,1ª
39,13,27,37,10,15,Murcia,1974,1ª
38,14,28,46,9,14,Castellón,1974,1ª
35,15,36,54,8,15,Rac. Santander,1974,1ª
33,16,29,52,9,19,Oviedo,1974,1ª
70,0,69,31,19,6,Betis,1974,2ª
69,1,51,34,20,9,Hércules,1974,2ª
68,2,53,39,20,10,Salamanca,1974,2ª
65,3,57,41,19,11,Tenerife,1974,2ª
64,4,52,37,18,10,Cádiz,1974,2ª
57,5,46,40,16,13,Gimn. Tarragona,1974,2ª
57,6,61,50,16,13,Valladolid,1974,2ª
55,7,47,38,16,15,Sant Andreu,1974,2ª
54,8,58,58,16,16,Córdoba,1974,2ª
54,9,48,40,15,14,Sevilla,1974,2ª
53,10,49,52,14,13,Barakaldo,1974,2ª
51,11,36,32,12,11,Mallorca,1974,2ª
51,12,43,45,13,13,Ourense,1974,2ª
47,13,39,51,14,19,Rayo Vallecano,1974,2ª
45,14,34,44,13,19,Burgos,1974,2ª
39,15,30,56,11,21,Dptivo. Coruña,1974,2ª
38,16,36,63,10,20,Osasuna,1974,2ª
37,17,37,48,10,21,Levante,1974,2ª
70,0,66,34,20,4,Real Madrid,1975,1ª
53,1,58,47,15,11,Zaragoza,1975,1ª
52,2,57,36,15,12,Barcelona,1975,1ª
48,3,37,32,12,10,Real Sociedad,1975,1ª
48,4,35,41,14,14,Betis,1975,1ª
47,5,37,36,11,9,Hércules,1975,1ª
47,6,38,47,14,15,Espanyol,1975,1ª
47,7,35,44,13,13,Elche,1975,1ª
46,8,40,42,13,14,Ath. Bilbao,1975,1ª
46,9,46,34,11,10,At. Madrid,1975,1ª
45,10,33,29,10,9,Salamanca,1975,1ª
44,11,41,39,12,14,Las Palmas,1975,1ª
44,12,33,42,13,16,Málaga (C.D.),1975,1ª
44,13,53,48,12,14,Valencia,1975,1ª
43,14,40,40,11,13,Sporting Gijón,1975,1ª
40,15,30,41,10,14,Celta,1975,1ª
30,16,31,66,7,18,Murcia,1975,1ª
73,0,49,34,21,7,Rac. Santander,1975,2ª
73,1,58,27,22,9,Sevilla,1975,2ª
70,2,52,29,18,4,Oviedo,1975,2ª
65,3,59,34,19,11,Córdoba,1975,2ª
61,4,54,43,18,13,Cádiz,1975,2ª
59,5,48,39,17,13,Castellón,1975,2ª
54,6,47,47,16,16,Rayo Vallecano,1975,2ª
52,7,54,46,14,14,Burgos,1975,2ª
51,8,46,52,13,13,Barcelona B,1975,2ª
51,9,50,56,15,17,Tenerife,1975,2ª
51,10,35,31,12,11,Sant Andreu,1975,2ª
48,11,48,45,12,14,Valladolid,1975,2ª
47,12,39,43,12,15,Rec. Huelva,1975,2ª
46,13,35,45,13,18,Alavés,1975,2ª
46,14,34,36,11,14,Gimn. Tarragona,1975,2ª
45,15,33,54,12,17,Barakaldo,1975,2ª
41,16,30,44,9,15,Ourense,1975,2ª
34,17,54,69,8,20,Sabadell,1975,2ª
68,0,54,26,20,6,Real Madrid,1976,1ª
61,1,61,41,18,9,Barcelona,1976,1ª
60,2,60,38,18,10,At. Madrid,1976,1ª
58,3,48,45,18,12,Espanyol,1976,1ª
53,4,43,38,14,9,Ath. Bilbao,1976,1ª
50,5,34,50,15,14,Betis,1976,1ª
46,6,45,56,14,16,Rac. Santander,1976,1ª
46,7,31,33,12,12,Salamanca,1976,1ª
46,8,45,45,12,12,Real Sociedad,1976,1ª
45,9,35,39,13,15,Sevilla,1976,1ª
44,10,43,41,12,14,Valencia,1976,1ª
42,11,39,43,12,16,Las Palmas,1976,1ª
41,12,45,43,11,15,Zaragoza,1976,1ª
38,13,41,45,11,18,Oviedo,1976,1ª
36,14,38,49,8,14,Elche,1976,1ª
34,15,29,50,8,16,Granada,1976,1ª
31,16,41,46,7,17,Sporting Gijón,1976,1ª
71,0,54,31,20,7,Burgos,1976,2ª
68,1,42,22,19,8,Celta,1976,2ª
68,2,75,39,21,12,Málaga (C.D.),1976,2ª
60,3,47,36,18,14,Dptivo. Coruña,1976,2ª
59,4,44,27,16,11,Valladolid,1976,2ª
54,5,48,48,16,16,Córdoba,1976,2ª
54,6,50,44,14,12,Tenerife,1976,2ª
54,7,46,47,13,10,Barcelona B,1976,2ª
52,8,48,49,16,18,Rayo Vallecano,1976,2ª
49,9,35,42,13,15,Rec. Huelva,1976,2ª
49,10,38,45,14,17,Sant Andreu,1976,2ª
48,11,46,43,13,16,Cádiz,1976,2ª
48,12,45,47,12,14,Castellón,1976,2ª
47,13,47,58,14,19,Osasuna,1976,2ª
47,14,46,61,14,19,Murcia,1976,2ª
46,15,35,45,12,16,Terrassa,1976,2ª
46,16,33,46,12,16,Alavés,1976,2ª
44,17,31,46,11,16,Ensidesa,1976,2ª
65,0,62,33,19,7,At. Madrid,1977,1ª
63,1,69,34,18,7,Barcelona,1977,1ª
53,2,55,45,15,11,Ath. Bilbao,1977,1ª
51,3,56,51,15,13,Las Palmas,1977,1ª
51,4,42,42,15,13,Betis,1977,1ª
50,5,61,59,14,12,Espanyol,1977,1ª
49,6,53,47,13,11,Valencia,1977,1ª
47,7,54,41,13,13,Real Sociedad,1977,1ª
46,8,46,50,14,16,Burgos,1977,1ª
46,9,57,53,12,12,Real Madrid,1977,1ª
45,10,30,34,13,15,Salamanca,1977,1ª
45,11,32,39,11,11,Sevilla,1977,1ª
44,12,45,47,11,12,Elche,1977,1ª
43,13,35,41,11,13,Hércules,1977,1ª
43,14,41,62,12,15,Rac. Santander,1977,1ª
40,15,42,51,10,14,Zaragoza,1977,1ª
24,16,27,60,6,22,Málaga (C.D.),1977,1ª
65,0,62,35,18,9,Sporting Gijón,1977,2ª
63,1,60,42,17,9,Cádiz,1977,2ª
62,2,46,34,17,10,Rayo Vallecano,1977,2ª
61,3,48,43,18,13,Oviedo,1977,2ª
58,4,42,32,15,10,Jaén,1977,2ª
55,5,48,48,15,13,Tenerife,1977,2ª
54,6,57,42,14,12,Alavés,1977,2ª
53,7,44,34,13,11,Terrassa,1977,2ª
52,8,42,50,14,14,Rec. Huelva,1977,2ª
50,9,57,56,14,16,Valladolid,1977,2ª
50,10,42,39,14,16,Granada,1977,2ª
49,11,46,45,14,17,Castellón,1977,2ª
48,12,39,56,14,18,Calvo Sotelo,1977,2ª
47,13,37,48,12,15,Getafe,1977,2ª
47,14,40,50,11,13,Dptivo. Coruña,1977,2ª
45,15,39,45,10,13,Córdoba,1977,2ª
44,16,34,44,10,14,Pontevedra,1977,2ª
43,17,39,52,10,15,Sant Andreu,1977,2ª
69,0,77,40,22,9,Real Madrid,1978,1ª
57,1,49,29,16,9,Barcelona,1978,1ª
56,2,62,36,16,10,Ath. Bilbao,1978,1ª
55,3,54,33,16,11,Valencia,1978,1ª
54,4,53,43,15,10,Sporting Gijón,1978,1ª
52,5,61,52,16,14,At. Madrid,1978,1ª
48,6,37,40,14,14,Salamanca,1978,1ª
47,7,43,41,12,11,Las Palmas,1978,1ª
47,8,38,45,13,13,Sevilla,1978,1ª
45,9,52,46,12,13,Real Sociedad,1978,1ª
45,10,50,59,12,13,Rayo Vallecano,1978,1ª
42,11,29,45,11,14,Rac. Santander,1978,1ª
41,12,33,47,10,13,Burgos,1978,1ª
41,13,51,52,11,15,Betis,1978,1ª
40,14,32,40,10,14,Hércules,1978,1ª
38,15,44,66,11,18,Elche,1978,1ª
29,16,30,69,7,19,Cádiz,1978,1ª
70,0,68,46,20,8,Zaragoza,1978,2ª
64,1,51,33,18,10,Rec. Huelva,1978,2ª
61,2,53,51,17,11,Barakaldo,1978,2ª
61,3,51,31,15,7,Celta,1978,2ª
56,4,58,55,16,14,Murcia,1978,2ª
56,5,46,50,16,14,Sabadell,1978,2ª
53,6,46,44,15,15,Granada,1978,2ª
53,7,44,48,14,13,Valladolid,1978,2ª
52,8,63,47,13,12,Dptivo. Coruña,1978,2ª
52,9,53,47,14,14,Osasuna,1978,2ª
50,10,46,52,13,14,Terrassa,1978,2ª
50,11,41,42,13,14,Málaga (C.D.),1978,2ª
47,12,40,42,12,15,Oviedo,1978,2ª
47,13,32,44,12,15,Getafe,1978,2ª
45,14,34,37,10,13,Castellón,1978,2ª
44,15,38,42,9,12,Jaén,1978,2ª
42,16,34,52,11,18,Tenerife,1978,2ª
40,17,37,46,8,14,Córdoba,1978,2ª
63,0,61,36,16,3,Real Madrid,1979,1ª
60,1,50,35,17,8,Sporting Gijón,1979,1ª
59,2,53,36,18,11,Real Sociedad,1979,1ª
55,3,55,37,14,7,At. Madrid,1979,1ª
54,4,69,37,16,12,Barcelona,1979,1ª
51,5,49,43,14,11,Las Palmas,1979,1ª
50,6,37,46,15,14,Espanyol,1979,1ª
49,7,44,39,14,13,Valencia,1979,1ª
47,8,36,40,13,13,Salamanca,1979,1ª
46,9,56,46,12,12,Ath. Bilbao,1979,1ª
45,10,32,38,13,15,Hércules,1979,1ª
42,11,56,59,12,16,Zaragoza,1979,1ª
42,12,38,47,10,12,Burgos,1979,1ª
38,13,31,54,9,14,Rayo Vallecano,1979,1ª
37,14,35,55,9,15,Celta,1979,1ª
31,15,37,63,9,21,Rac. Santander,1979,1ª
29,16,39,66,8,21,Rec. Huelva,1979,1ª
68,0,62,44,21,12,Almería (A.D.),1979,2ª
66,1,47,32,20,12,Valladolid,1979,2ª
66,2,47,27,19,10,Málaga (C.D.),1979,2ª
64,3,58,35,18,10,Betis,1979,2ª
61,4,50,31,16,9,Elche,1979,2ª
60,5,46,34,16,10,Granada,1979,2ª
57,6,57,56,17,15,Getafe,1979,2ª
56,7,52,47,15,12,Cádiz,1979,2ª
55,8,45,31,15,13,Alavés,1979,2ª
52,9,51,51,15,16,Osasuna,1979,2ª
50,10,48,43,12,12,Castellón,1979,2ª
49,11,50,49,12,13,Sabadell,1979,2ª
48,12,43,45,13,16,Dptivo. Coruña,1979,2ª
47,13,35,52,12,15,Murcia,1979,2ª
47,14,40,53,13,17,Algeciras,1979,2ª
46,15,41,55,12,16,Jaén,1979,2ª
38,16,34,51,9,18,Terrassa,1979,2ª
38,17,31,53,10,20,Barakaldo,1979,2ª
75,0,70,33,22,3,Real Madrid,1980,1ª
71,1,54,20,19,1,Real Sociedad,1980,1ª
55,2,47,34,16,11,Sporting Gijón,1980,1ª
51,3,42,33,13,9,Barcelona,1980,1ª
50,4,52,44,15,14,Ath. Bilbao,1980,1ª
48,5,50,47,14,14,Sevilla,1980,1ª
48,6,50,42,12,10,Valencia,1980,1ª
48,7,42,40,12,10,Betis,1980,1ª
47,8,37,37,13,13,Salamanca,1980,1ª
46,9,43,40,13,14,Zaragoza,1980,1ª
45,10,36,49,13,15,Las Palmas,1980,1ª
44,11,42,50,11,12,Almería (A.D.),1980,1ª
41,12,38,44,10,13,At. Madrid,1980,1ª
39,13,28,37,9,13,Espanyol,1980,1ª
36,14,36,39,8,14,Hércules,1980,1ª
30,15,28,59,8,20,Málaga (C.D.),1980,1ª
25,16,29,61,5,19,Burgos,1980,1ª
66,0,58,39,19,10,Murcia,1980,2ª
64,1,74,49,20,14,Osasuna,1980,2ª
58,2,47,42,16,12,Castellón,1980,2ª
58,3,47,49,17,14,Sabadell,1980,2ª
57,4,46,41,15,11,Elche,1980,2ª
55,5,46,39,15,13,Real Madrid B,1980,2ª
54,6,43,42,15,14,Cádiz,1980,2ª
53,7,47,51,15,15,Levante,1980,2ª
51,8,37,39,13,13,Alavés,1980,2ª
51,9,40,45,13,13,Oviedo,1980,2ª
50,10,44,50,13,14,Getafe,1980,2ª
50,11,49,50,15,18,Dptivo. Coruña,1980,2ª
50,12,42,42,13,14,Granada,1980,2ª
49,13,38,42,12,13,Rec. Huelva,1980,2ª
47,14,48,43,12,15,Celta,1980,2ª
47,15,49,49,11,13,Palencia,1980,2ª
46,16,34,39,10,12,Rac. Santander,1980,2ª
35,17,29,61,8,19,Gimn. Tarragona,1980,2ª
65,0,66,37,20,9,Real Madrid,1981,1ª
64,1,52,29,19,8,Real Sociedad,1981,1ª
59,2,66,41,18,11,Barcelona,1981,1ª
59,3,59,41,17,9,Valencia,1981,1ª
58,4,46,39,16,8,At. Madrid,1981,1ª
57,5,55,38,17,11,Betis,1981,1ª
52,6,58,40,14,10,Sporting Gijón,1981,1ª
51,7,34,42,14,11,Sevilla,1981,1ª
49,8,64,53,14,13,Ath. Bilbao,1981,1ª
48,9,37,42,14,14,Espanyol,1981,1ª
44,10,35,46,12,14,Osasuna,1981,1ª
40,11,42,48,10,14,Hércules,1981,1ª
40,12,40,46,9,12,Valladolid,1981,1ª
38,13,31,44,9,14,Zaragoza,1981,1ª
31,14,35,49,8,19,Murcia,1981,1ª
28,15,32,67,7,20,Salamanca,1981,1ª
25,16,30,66,6,21,Almería (A.D.),1981,1ª
64,0,55,37,19,12,Cádiz,1981,2ª
63,1,48,40,18,11,Rac. Santander,1981,2ª
62,2,55,44,17,10,Elche,1981,2ª
60,3,45,33,15,8,Castellón,1981,2ª
60,4,37,23,15,8,Rayo Vallecano,1981,2ª
58,5,45,44,16,12,Sabadell,1981,2ª
56,6,47,45,14,10,Málaga (C.D.),1981,2ª
54,7,49,35,15,14,Alavés,1981,2ª
53,8,36,37,15,15,Levante,1981,2ª
50,9,50,44,14,16,Real Madrid B,1981,2ª
48,10,44,55,13,16,At. Madrid B,1981,2ª
48,11,37,39,11,12,Oviedo,1981,2ª
48,12,47,52,13,16,Burgos,1981,2ª
47,13,33,37,12,15,Rec. Huelva,1981,2ª
45,14,41,50,10,13,Getafe,1981,2ª
44,15,30,37,12,18,Palencia,1981,2ª
43,16,33,45,10,15,Granada,1981,2ª
42,17,34,46,11,18,Barakaldo,1981,2ª
67,0,58,33,20,7,Real Sociedad,1982,1ª
64,1,75,40,19,8,Barcelona,1982,1ª
62,2,57,34,18,8,Real Madrid,1982,1ª
58,3,63,41,18,12,Ath. Bilbao,1982,1ª
51,4,53,44,15,13,Betis,1982,1ª
50,5,52,39,15,14,Sevilla,1982,1ª
49,6,38,37,15,15,At. Madrid,1982,1ª
48,7,45,45,14,14,Osasuna,1982,1ª
47,8,40,53,13,13,Valladolid,1982,1ª
47,9,45,56,13,13,Zaragoza,1982,1ª
45,10,48,55,13,15,Espanyol,1982,1ª
44,11,41,52,12,14,Rac. Santander,1982,1ª
42,12,31,47,13,18,Cádiz,1982,1ª
40,13,41,53,11,16,Las Palmas,1982,1ª
39,14,38,44,10,15,Sporting Gijón,1982,1ª
38,15,41,52,11,18,Hércules,1982,1ª
15,16,33,82,3,25,Castellón,1982,1ª
75,0,79,40,22,7,Celta,1982,2ª
74,1,70,33,23,10,Salamanca,1982,2ª
70,2,70,35,20,8,Málaga (C.D.),1982,2ª
64,3,54,38,18,10,Murcia,1982,2ª
57,4,55,46,15,11,Mallorca,1982,2ª
57,5,45,44,16,13,Rayo Vallecano,1982,2ª
56,6,46,39,15,12,Burgos,1982,2ª
53,7,48,48,13,11,Real Madrid B,1982,2ª
50,8,57,63,13,14,Sabadell,1982,2ª
50,9,44,44,12,12,At. Madrid B,1982,2ª
50,10,40,48,13,14,Dptivo. Coruña,1982,2ª
47,11,45,49,11,13,Córdoba,1982,2ª
47,12,39,40,12,15,Rec. Huelva,1982,2ª
44,13,42,57,10,14,Linares,1982,2ª
40,14,38,52,11,20,Alavés,1982,2ª
40,15,34,53,9,16,Oviedo,1982,2ª
36,16,27,43,6,14,Almería (A.D.),1982,2ª
27,17,26,74,7,25,Levante,1982,2ª
72,0,71,36,22,6,Ath. Bilbao,1983,1ª
69,1,57,25,20,5,Real Madrid,1983,1ª
66,2,56,38,20,8,At. Madrid,1983,1ª
61,3,60,29,17,7,Barcelona,1983,1ª
57,4,44,31,15,7,Sevilla,1983,1ª
57,5,59,39,17,11,Zaragoza,1983,1ª
48,6,29,27,12,10,Real Sociedad,1983,1ª
45,7,45,47,13,15,Espanyol,1983,1ª
42,8,31,32,9,10,Sporting Gijón,1983,1ª
40,9,37,48,10,14,Málaga (C.D.),1983,1ª
39,10,42,45,9,13,Betis,1983,1ª
38,11,31,48,10,16,Salamanca,1983,1ª
38,12,34,51,9,14,Valladolid,1983,1ª
36,13,39,54,10,18,Osasuna,1983,1ª
34,14,42,56,9,18,Valencia,1983,1ª
33,15,27,56,9,19,Celta,1983,1ª
32,16,44,63,9,20,Rac. Santander,1983,1ª
76,0,68,30,22,6,Murcia,1983,2ª
65,1,56,37,18,9,Cádiz,1983,2ª
65,2,58,36,19,11,Dptivo. Coruña,1983,2ª
63,3,54,37,17,9,Mallorca,1983,2ª
60,4,42,34,17,12,Palencia,1983,2ª
56,5,45,43,15,12,Real Madrid B,1983,2ª
55,6,51,38,14,11,Elche,1983,2ª
54,7,53,50,15,14,Rayo Vallecano,1983,2ª
53,8,44,41,13,11,Hércules,1983,2ª
51,9,46,50,12,11,Rec. Huelva,1983,2ª
50,10,46,40,12,12,Barcelona B,1983,2ª
49,11,44,44,13,15,At. Madrid B,1983,2ª
48,12,35,45,12,14,Oviedo,1983,2ª
47,13,28,41,11,13,Linares,1983,2ª
44,14,40,46,10,14,Cartagena F.C.,1983,2ª
40,15,40,54,8,14,Alavés,1983,2ª
40,16,43,51,10,18,Sabadell,1983,2ª
34,17,36,56,9,22,Xerez,1983,2ª
71,0,59,37,22,7,Real Madrid,1984,1ª
69,1,53,30,20,5,Ath. Bilbao,1984,1ª
68,2,62,28,20,6,Barcelona,1984,1ª
59,3,53,47,17,9,At. Madrid,1984,1ª
51,4,43,35,14,11,Real Sociedad,1984,1ª
47,5,42,43,13,13,Sevilla,1984,1ª
47,6,50,41,12,11,Zaragoza,1984,1ª
44,7,45,47,12,14,Valencia,1984,1ª
44,8,41,35,11,12,Málaga (C.D.),1984,1ª
43,9,42,44,10,11,Espanyol,1984,1ª
42,10,42,38,10,12,Murcia,1984,1ª
41,11,38,47,11,15,Sporting Gijón,1984,1ª
40,12,44,60,11,16,Valladolid,1984,1ª
39,13,30,44,11,17,Osasuna,1984,1ª
28,14,36,51,6,18,Cádiz,1984,1ª
25,15,30,59,5,19,Salamanca,1984,1ª
24,16,27,56,3,16,Mallorca,1984,1ª
70,0,61,39,20,8,Ath. Bilbao B,1984,2ª
61,1,46,35,16,9,Hércules,1984,2ª
60,2,53,39,16,10,Rac. Santander,1984,2ª
59,3,64,40,16,11,Elche,1984,2ª
57,4,45,36,15,11,Celta,1984,2ª
55,5,42,36,15,13,Granada,1984,2ª
54,6,55,48,14,12,Barcelona B,1984,2ª
53,7,37,39,14,13,Dptivo. Coruña,1984,2ª
51,8,45,57,14,15,Castellón,1984,2ª
48,9,44,49,13,16,Oviedo,1984,2ª
48,10,32,48,12,14,Rec. Huelva,1984,2ª
48,11,46,52,12,14,Las Palmas,1984,2ª
46,12,64,63,12,16,At. Madrid B,1984,2ª
45,13,45,49,11,15,Tenerife,1984,2ª
43,14,39,55,11,17,Linares,1984,2ª
42,15,35,46,9,14,Cartagena F.C.,1984,2ª
42,16,34,45,10,16,Algeciras,1984,2ª
37,17,33,49,8,17,Palencia,1984,2ª
74,0,69,25,21,2,Barcelona,1985,1ª
59,1,51,28,16,7,At. Madrid,1985,1ª
54,2,39,26,13,6,Ath. Bilbao,1985,1ª
54,3,34,23,13,6,Sporting Gijón,1985,1ª
49,4,46,36,13,11,Real Madrid,1985,1ª
47,5,38,38,13,13,Osasuna,1985,1ª
45,6,40,44,11,11,Espanyol,1985,1ª
45,7,41,33,11,11,Real Sociedad,1985,1ª
44,8,39,39,11,12,Zaragoza,1985,1ª
42,9,27,34,10,12,Rac. Santander,1985,1ª
41,10,37,43,11,15,Betis,1985,1ª
41,11,29,41,10,13,Sevilla,1985,1ª
39,12,28,45,9,13,Hércules,1985,1ª
37,13,39,45,7,11,Valladolid,1985,1ª
36,14,23,36,7,12,Málaga (C.D.),1985,1ª
32,15,18,37,6,14,Elche,1985,1ª
28,16,24,52,6,18,Murcia,1985,1ª
77,0,56,37,22,5,Las Palmas,1985,2ª
68,1,63,40,20,10,Celta,1985,2ª
58,2,51,46,18,16,Logroñés,1985,2ª
57,3,49,43,15,11,Sabadell,1985,2ª
55,4,46,39,15,13,Mallorca,1985,2ª
54,5,49,48,14,12,Real Madrid B,1985,2ª
50,6,36,42,13,14,Barcelona B,1985,2ª
50,7,51,51,14,16,Castellón,1985,2ª
49,8,52,60,13,15,Dptivo. Coruña,1985,2ª
49,9,41,37,12,13,Cartagena F.C.,1985,2ª
48,10,48,43,12,14,Tenerife,1985,2ª
47,11,34,42,11,13,Rec. Huelva,1985,2ª
47,12,37,45,12,15,At. Madrid B,1985,2ª
46,13,44,52,12,16,Ath. Bilbao B,1985,2ª
45,14,39,37,12,17,Salamanca,1985,2ª
45,15,32,46,12,17,Granada,1985,2ª
43,16,44,45,9,13,Oviedo,1985,2ª
40,17,34,48,10,18,Calvo Sotelo,1985,2ª
82,0,83,33,26,4,Real Madrid,1986,1ª
63,1,61,36,18,7,Barcelona,1986,1ª
60,2,44,31,17,8,Ath. Bilbao,1986,1ª
59,3,53,38,17,9,At. Madrid,1986,1ª
57,4,51,34,15,7,Zaragoza,1986,1ª
56,5,64,51,17,12,Real Sociedad,1986,1ª
46,6,39,34,12,12,Sevilla,1986,1ª
46,7,40,40,11,10,Betis,1986,1ª
45,8,54,48,13,15,Valladolid,1986,1ª
42,9,43,40,11,14,Espanyol,1986,1ª
41,10,33,34,10,13,Rac. Santander,1986,1ª
36,11,24,33,9,16,Osasuna,1986,1ª
36,12,37,65,9,16,Las Palmas,1986,1ª
35,13,30,58,9,17,Cádiz,1986,1ª
33,14,38,62,8,17,Valencia,1986,1ª
30,15,35,62,8,20,Hércules,1986,1ª
19,16,32,72,5,25,Celta,1986,1ª
74,0,66,30,22,8,Murcia,1986,2ª
64,1,44,36,19,12,Elche,1986,2ª
64,2,54,37,18,10,Mallorca,1986,2ª
63,3,61,42,18,11,Castellón,1986,2ª
62,4,53,51,18,12,Ath. Bilbao B,1986,2ª
62,5,52,38,17,10,Dptivo. Coruña,1986,2ª
61,6,45,36,17,11,Oviedo,1986,2ª
61,7,49,30,15,7,Sabadell,1986,2ª
59,8,63,55,17,13,Rec. Huelva,1986,2ª
55,9,49,45,16,15,Sestao,1986,2ª
50,10,46,47,13,14,Málaga (C.D.),1986,2ª
48,11,45,61,14,18,Real Madrid B,1986,2ª
47,12,41,48,13,17,Barcelona B,1986,2ª
45,13,46,54,12,17,Rayo Vallecano,1986,2ª
44,14,37,41,10,14,Cartagena F.C.,1986,2ª
43,15,35,62,12,19,Albacete,1986,2ª
37,16,35,55,9,19,Zaragoza B,1986,2ª
34,17,43,59,8,20,Tenerife,1986,2ª
93,0,84,37,27,5,Real Madrid,1987,1ª
87,1,63,29,24,5,Barcelona,1987,1ª
66,2,59,54,19,16,Real Sociedad,1987,1ª
65,3,58,54,18,15,At. Madrid,1987,1ª
63,4,61,59,18,17,Betis,1987,1ª
61,5,58,50,16,15,Sporting Gijón,1987,1ª
59,6,46,47,15,15,Zaragoza,1987,1ª
58,7,50,63,17,20,Murcia,1987,1ª
57,8,48,65,15,17,Mallorca,1987,1ª
57,9,51,50,15,17,Ath. Bilbao,1987,1ª
57,10,59,67,16,19,Las Palmas,1987,1ª
56,11,42,45,15,18,Valladolid,1987,1ª
53,12,51,53,14,19,Sevilla,1987,1ª
50,13,38,59,12,18,Sabadell,1987,1ª
50,14,40,48,12,18,Osasuna,1987,1ª
45,15,46,66,12,23,Rac. Santander,1987,1ª
39,16,31,59,10,25,Cádiz,1987,1ª
81,0,67,36,24,11,Valencia,1987,2ª
77,1,71,41,23,13,Celta,1987,2ª
76,2,59,44,22,12,Logroñés,1987,2ª
73,3,67,56,23,17,Rec. Huelva,1987,2ª
71,4,47,27,19,11,Sestao,1987,2ª
70,5,58,47,19,12,Dptivo. Coruña,1987,2ª
65,6,45,43,17,13,Elche,1987,2ª
60,7,44,52,16,16,Castellón,1987,2ª
58,8,56,58,16,18,Barcelona B,1987,2ª
57,9,55,56,16,19,Hércules,1987,2ª
57,10,59,53,15,17,Figueres,1987,2ª
56,11,52,67,14,16,Cartagena F.C.,1987,2ª
53,12,50,64,13,17,Oviedo,1987,2ª
53,13,40,44,12,15,Rayo Vallecano,1987,2ª
53,14,61,75,14,19,Ath. Bilbao B,1987,2ª
52,15,57,57,12,16,Málaga (C.D.),1987,2ª
44,16,49,71,11,22,Real Madrid B,1987,2ª
27,17,32,78,5,27,Xerez,1987,2ª
4,18,3,1,1,0,Osasuna,1987,2ª
90,0,95,26,28,4,Real Madrid,1988,1ª
73,1,61,33,22,9,Real Sociedad,1988,1ª
67,2,60,38,19,9,At. Madrid,1988,1ª
63,3,50,43,17,9,Ath. Bilbao,1988,1ª
55,4,40,34,15,13,Osasuna,1988,1ª
54,5,49,44,15,14,Barcelona,1988,1ª
53,6,43,40,14,13,Celta,1988,1ª
52,7,44,49,14,14,Sporting Gijón,1988,1ª
51,8,31,34,13,13,Valladolid,1988,1ª
50,9,41,46,13,14,Sevilla,1988,1ª
47,10,54,56,11,13,Zaragoza,1988,1ª
47,11,42,54,14,19,Betis,1988,1ª
46,12,47,54,11,14,Cádiz,1988,1ª
45,13,28,45,12,17,Logroñés,1988,1ª
44,14,44,55,11,16,Espanyol,1988,1ª
43,15,44,53,10,15,Valencia,1988,1ª
41,16,43,65,12,21,Las Palmas,1988,1ª
40,17,31,42,9,16,Murcia,1988,1ª
38,18,27,48,9,18,Sabadell,1988,1ª
76,0,74,39,22,6,Málaga (C.D.),1988,2ª
71,1,62,34,21,9,Elche,1988,2ª
68,2,60,38,20,12,Oviedo,1988,2ª
66,3,58,42,18,8,Real Madrid B,1988,2ª
64,4,59,51,18,12,Rayo Vallecano,1988,2ª
58,5,49,37,17,14,Xerez,1988,2ª
57,6,53,37,15,11,Lleida,1988,2ª
56,7,44,36,14,10,Figueres,1988,2ª
55,8,52,47,14,11,Barcelona B,1988,2ª
52,9,42,45,15,16,Sestao,1988,2ª
49,10,34,45,12,13,Castellón,1988,2ª
49,11,48,57,13,15,Tenerife,1988,2ª
45,12,55,71,12,17,Rec. Huelva,1988,2ª
45,13,34,50,11,15,Burgos (Real),1988,2ª
44,14,35,47,11,16,Rac. Santander,1988,2ª
42,15,44,53,11,18,Ath. Bilbao B,1988,2ª
39,16,46,56,10,19,Hércules,1988,2ª
39,17,35,47,8,15,Dptivo. Coruña,1988,2ª
35,18,36,46,8,19,Granada,1988,2ª
32,19,35,79,8,22,Cartagena F.C.,1988,2ª
87,0,91,37,25,1,Real Madrid,1989,1ª
80,1,80,26,23,4,Barcelona,1989,1ª
67,2,39,26,18,7,Valencia,1989,1ª
65,3,69,45,19,11,At. Madrid,1989,1ª
61,4,40,31,18,13,Valladolid,1989,1ª
58,5,48,42,15,10,Zaragoza,1989,1ª
57,6,45,35,15,11,Ath. Bilbao,1989,1ª
53,7,42,48,14,13,Celta,1989,1ª
51,8,38,39,13,13,Sevilla,1989,1ª
50,9,39,43,13,14,Osasuna,1989,1ª
48,10,42,42,13,16,Sporting Gijón,1989,1ª
47,11,41,48,12,15,Oviedo,1989,1ª
45,12,39,53,12,17,Málaga (C.D.),1989,1ª
43,13,25,37,9,13,Logroñés,1989,1ª
42,14,31,41,9,14,Cádiz,1989,1ª
38,15,36,55,9,18,Betis,1989,1ª
37,16,29,44,7,15,Espanyol,1989,1ª
33,17,27,58,9,23,Murcia,1989,1ª
19,18,29,71,4,27,Elche,1989,1ª
72,0,49,29,21,8,Castellón,1989,2ª
72,1,53,27,22,12,Mallorca,1989,2ª
71,2,58,37,21,11,Tenerife,1989,2ª
68,3,61,36,19,8,Rayo Vallecano,1989,2ª
59,4,56,43,17,13,Rac. Santander,1989,2ª
58,5,46,36,16,12,Rec. Huelva,1989,2ª
57,6,52,50,16,13,Figueres,1989,2ª
56,7,35,33,14,10,Salamanca,1989,2ª
56,8,43,35,16,14,Dptivo. Coruña,1989,2ª
55,9,52,53,15,13,Las Palmas,1989,2ª
55,10,39,32,14,11,Sestao,1989,2ª
54,11,49,43,15,14,Sabadell,1989,2ª
53,12,40,38,13,11,Xerez,1989,2ª
49,13,50,59,13,15,Real Madrid B,1989,2ª
45,14,27,34,9,11,Burgos (Real),1989,2ª
42,15,36,42,8,12,Éibar,1989,2ª
36,16,42,58,8,18,Barcelona B,1989,2ª
35,17,29,58,9,21,Alzira,1989,2ª
34,18,29,43,8,20,Lleida,1989,2ª
14,19,19,75,3,30,Mollerussa,1989,2ª
88,0,107,38,26,2,Real Madrid,1990,1ª
74,1,83,39,23,10,Barcelona,1990,1ª
73,2,67,42,20,5,Valencia,1990,1ª
70,3,55,35,20,8,At. Madrid,1990,1ª
61,4,64,46,18,13,Sevilla,1990,1ª
59,5,43,35,15,9,Real Sociedad,1990,1ª
59,6,47,51,18,15,Logroñés,1990,1ª
56,7,52,52,16,14,Zaragoza,1990,1ª
54,8,42,42,14,12,Osasuna,1990,1ª
51,9,41,46,12,11,Oviedo,1990,1ª
50,10,36,34,11,10,Mallorca,1990,1ª
48,11,37,39,11,12,Ath. Bilbao,1990,1ª
46,12,37,34,12,16,Sporting Gijón,1990,1ª
42,13,28,63,12,20,Cádiz,1990,1ª
41,14,30,48,9,15,Castellón,1990,1ª
38,15,31,41,8,16,Valladolid,1990,1ª
37,16,23,50,9,19,Málaga (C.D.),1990,1ª
27,17,24,51,5,21,Celta,1990,1ª
25,18,32,75,6,25,Rayo Vallecano,1990,1ª
68,0,53,24,18,6,Burgos (Real),1990,2ª
64,1,45,39,19,14,Dptivo. Coruña,1990,2ª
63,2,44,29,16,7,Betis,1990,2ª
60,3,51,34,16,12,Espanyol,1990,2ª
60,4,50,36,15,8,Ath. Bilbao B,1990,2ª
55,5,42,37,15,13,Las Palmas,1990,2ª
53,6,29,39,13,11,Palamós,1990,2ª
53,7,41,39,13,11,Sabadell,1990,2ª
51,8,38,39,13,13,Murcia,1990,2ª
50,9,35,33,14,16,Salamanca,1990,2ª
49,10,33,32,13,15,Sestao,1990,2ª
49,11,26,31,11,11,Xerez,1990,2ª
48,12,39,41,12,14,Elche,1990,2ª
48,13,37,47,12,14,Figueres,1990,2ª
45,14,35,42,11,15,Éibar,1990,2ª
45,15,34,43,9,11,Levante,1990,2ª
44,16,32,36,11,16,Rac. Santander,1990,2ª
42,17,36,44,11,18,Real Madrid B,1990,2ª
41,18,39,56,12,21,Rec. Huelva,1990,2ª
37,19,33,52,8,17,At. Madrid B,1990,2ª
82,0,74,33,25,6,Barcelona,1991,1ª
66,1,63,37,20,12,Real Madrid,1991,1ª
64,2,52,28,17,8,At. Madrid,1991,1ª
60,3,43,34,15,8,Osasuna,1991,1ª
60,4,50,37,16,10,Sporting Gijón,1991,1ª
55,5,36,35,13,9,Oviedo,1991,1ª
55,6,44,40,15,13,Valencia,1991,1ª
53,7,45,47,15,15,Sevilla,1991,1ª
51,8,41,50,15,17,Ath. Bilbao,1991,1ª
50,9,28,35,13,14,Logroñés,1991,1ª
49,10,38,40,12,13,Valladolid,1991,1ª
49,11,37,53,14,17,Tenerife,1991,1ª
47,12,39,45,11,13,Real Sociedad,1991,1ª
47,13,32,27,10,11,Burgos (Real),1991,1ª
46,14,39,47,12,16,Espanyol,1991,1ª
44,15,36,40,11,16,Zaragoza,1991,1ª
43,16,32,40,9,13,Mallorca,1991,1ª
36,17,27,48,8,18,Castellón,1991,1ª
31,18,37,65,6,19,Betis,1991,1ª
68,0,60,32,20,10,Dptivo. Coruña,1991,2ª
67,1,58,41,18,9,Murcia,1991,2ª
67,2,56,31,18,7,Albacete,1991,2ª
65,3,53,36,17,9,Málaga (C.D.),1991,2ª
59,4,41,36,16,11,Lleida,1991,2ª
55,5,46,39,12,7,Orihuela,1991,2ª
53,6,44,42,14,13,Figueres,1991,2ª
48,7,35,37,10,10,Avilés,1991,2ª
47,8,32,45,11,13,Sabadell,1991,2ª
47,9,35,43,11,13,Ath. Bilbao B,1991,2ª
47,10,29,27,9,9,Sestao,1991,2ª
46,11,35,34,9,10,Éibar,1991,2ª
46,12,39,45,12,16,Elche,1991,2ª
46,13,38,43,10,12,Las Palmas,1991,2ª
44,14,44,50,8,10,Rayo Vallecano,1991,2ª
44,15,31,38,8,10,Celta,1991,2ª
44,16,33,46,9,12,Palamós,1991,2ª
40,17,41,40,9,16,Salamanca,1991,2ª
33,18,27,51,6,17,Levante,1991,2ª
30,19,37,61,6,20,Xerez,1991,2ª
78,0,87,37,23,6,Barcelona,1992,1ª
77,1,78,32,23,7,Real Madrid,1992,1ª
77,2,67,35,24,9,At. Madrid,1992,1ª
67,3,63,42,20,11,Valencia,1992,1ª
60,4,44,38,16,10,Real Sociedad,1992,1ª
58,5,40,41,17,14,Zaragoza,1992,1ª
56,6,45,47,16,14,Albacete,1992,1ª
53,7,37,43,15,15,Sporting Gijón,1992,1ª
50,8,41,46,14,16,Oviedo,1992,1ª
49,9,36,51,13,15,Logroñés,1992,1ª
49,10,40,43,12,13,Burgos (Real),1992,1ª
47,11,48,45,13,17,Sevilla,1992,1ª
46,12,38,58,13,18,Ath. Bilbao,1992,1ª
46,13,46,50,12,16,Tenerife,1992,1ª
44,14,43,60,12,18,Espanyol,1992,1ª
43,15,30,40,10,15,Osasuna,1992,1ª
37,16,30,49,10,21,Mallorca,1992,1ª
35,17,32,55,7,17,Cádiz,1992,1ª
34,18,31,53,7,18,Valladolid,1992,1ª
75,0,61,26,22,7,Celta,1992,2ª
68,1,52,27,20,10,Rayo Vallecano,1992,2ª
65,2,55,45,18,11,Betis,1992,2ª
64,3,44,30,16,8,Figueres,1992,2ª
60,4,52,36,17,12,Lleida,1992,2ª
58,5,59,53,17,14,Barcelona B,1992,2ª
57,6,58,48,16,13,Mérida,1992,2ª
56,7,36,32,15,12,Compostela,1992,2ª
54,8,34,35,16,16,Sabadell,1992,2ª
52,9,39,44,15,16,Rac. Santander,1992,2ª
48,10,39,46,13,16,Palamós,1992,2ª
48,11,42,48,13,16,Castellón,1992,2ª
47,12,36,40,12,15,Ath. Bilbao B,1992,2ª
47,13,19,22,11,13,Éibar,1992,2ª
47,14,32,36,11,13,Murcia,1992,2ª
45,15,44,55,11,15,Real Madrid B,1992,2ª
43,16,26,44,11,17,Málaga (C.D.),1992,2ª
40,17,25,45,10,18,Sestao,1992,2ª
36,18,31,56,9,20,Avilés,1992,2ª
33,19,39,58,8,21,Las Palmas,1992,2ª
83,0,87,34,25,5,Barcelona,1993,1ª
81,1,75,28,24,5,Real Madrid,1993,1ª
76,2,67,33,22,6,Dptivo. Coruña,1993,1ª
67,3,60,33,19,9,Valencia,1993,1ª
60,4,46,44,17,12,Sevilla,1993,1ª
59,5,52,42,16,11,At. Madrid,1993,1ª
59,6,59,47,15,9,Tenerife,1993,1ª
57,7,53,49,17,15,Ath. Bilbao,1993,1ª
47,8,46,59,13,17,Real Sociedad,1993,1ª
46,9,37,52,11,14,Zaragoza,1993,1ª
46,10,42,41,12,16,Osasuna,1993,1ª
45,11,38,57,11,15,Sporting Gijón,1993,1ª
44,12,32,48,11,16,Logroñés,1993,1ª
43,13,42,52,11,17,Oviedo,1993,1ª
42,14,54,59,11,18,Albacete,1993,1ª
41,15,40,49,8,13,Rayo Vallecano,1993,1ª
38,16,40,56,9,18,Espanyol,1993,1ª
27,17,30,70,5,21,Cádiz,1993,1ª
26,18,29,69,4,20,Burgos (Real),1993,1ª
80,0,56,20,23,4,Lleida,1993,2ª
79,1,57,38,24,9,Rac. Santander,1993,2ª
74,2,60,38,22,10,Mallorca,1993,2ª
72,3,50,30,20,6,Valladolid,1993,2ª
59,4,45,41,17,13,Marbella,1993,2ª
59,5,49,33,16,11,Betis,1993,2ª
57,6,57,41,15,11,Real Madrid B,1993,2ª
54,7,59,55,15,14,Barcelona B,1993,2ª
52,8,43,42,13,12,Mérida,1993,2ª
50,9,37,36,14,16,Badajoz,1993,2ª
49,10,40,45,13,15,Castellón,1993,2ª
47,11,38,51,13,17,Villarreal,1993,2ª
45,12,35,39,10,13,Compostela,1993,2ª
45,13,33,50,12,17,Palamós,1993,2ª
43,14,41,59,11,17,Figueres,1993,2ª
42,15,33,44,10,16,Éibar,1993,2ª
42,16,33,34,9,14,Ath. Bilbao B,1993,2ª
32,17,23,41,7,20,Lugo,1993,2ª
32,18,30,57,8,22,Sabadell,1993,2ª
31,19,29,54,7,21,Sestao,1993,2ª
81,0,91,42,25,7,Barcelona,1994,1ª
78,1,54,18,22,4,Dptivo. Coruña,1994,1ª
65,2,71,47,19,11,Zaragoza,1994,1ª
64,3,61,50,19,12,Real Madrid,1994,1ª
59,4,61,47,16,11,Ath. Bilbao,1994,1ª
57,5,56,42,15,11,Sevilla,1994,1ª
54,6,55,50,14,12,Valencia,1994,1ª
53,7,44,42,15,15,Rac. Santander,1994,1ª
51,8,50,57,15,17,Tenerife,1994,1ª
50,9,42,57,15,18,Sporting Gijón,1994,1ª
49,10,43,49,12,13,Oviedo,1994,1ª
48,11,39,47,12,14,Real Sociedad,1994,1ª
48,12,54,54,13,16,At. Madrid,1994,1ª
44,13,41,51,11,16,Celta,1994,1ª
42,14,47,58,9,14,Logroñés,1994,1ª
40,15,40,58,9,16,Rayo Vallecano,1994,1ª
38,16,28,51,8,16,Valladolid,1994,1ª
34,17,29,48,7,18,Lleida,1994,1ª
34,18,34,63,8,20,Osasuna,1994,1ª
75,0,60,38,22,10,Compostela,1994,2ª
73,1,66,38,22,9,Betis,1994,2ª
72,2,59,25,20,6,Espanyol,1994,2ª
68,3,51,36,19,10,Toledo,1994,2ª
67,4,66,39,20,11,Mallorca,1994,2ª
65,5,57,41,19,11,Real Madrid B,1994,2ª
60,6,41,35,16,10,Hércules,1994,2ª
50,7,59,51,11,10,Barcelona B,1994,2ª
49,8,47,41,12,13,Mérida,1994,2ª
48,9,29,48,14,18,Villarreal,1994,2ª
47,10,45,46,12,15,Badajoz,1994,2ª
45,11,40,41,10,13,Marbella,1994,2ª
45,12,53,59,11,15,Leganés,1994,2ª
45,13,30,40,10,13,Éibar,1994,2ª
45,14,40,49,11,15,Palamós,1994,2ª
44,15,46,52,10,14,Ath. Bilbao B,1994,2ª
41,16,40,64,10,17,Murcia,1994,2ª
41,17,30,48,9,15,Castellón,1994,2ª
36,18,38,68,10,22,Burgos (Real),1994,2ª
22,19,28,67,4,24,Cádiz,1994,2ª
78,0,76,29,23,6,Real Madrid,1995,1ª
71,1,68,32,20,7,Dptivo. Coruña,1995,1ª
64,2,60,45,18,10,Barcelona,1995,1ª
61,3,46,25,15,7,Betis,1995,1ª
61,4,56,51,18,13,Zaragoza,1995,1ª
59,5,55,41,16,11,Sevilla,1995,1ª
58,6,39,42,16,12,Ath. Bilbao,1995,1ª
57,7,51,35,14,9,Espanyol,1995,1ª
51,8,53,48,13,13,Valencia,1995,1ª
50,9,56,44,12,12,Real Sociedad,1995,1ª
49,10,42,47,13,15,Rac. Santander,1995,1ª
48,11,56,54,13,16,At. Madrid,1995,1ª
48,12,57,57,13,16,Tenerife,1995,1ª
47,13,36,48,11,13,Celta,1995,1ª
45,14,44,56,11,15,Compostela,1995,1ª
44,15,44,61,10,14,Albacete,1995,1ª
36,16,42,67,8,18,Sporting Gijón,1995,1ª
33,17,25,63,8,21,Valladolid,1995,1ª
15,18,15,79,2,27,Logroñés,1995,1ª
79,0,55,19,23,5,Mérida,1995,2ª
73,1,61,31,20,5,Rayo Vallecano,1995,2ª
66,2,58,39,19,12,Lleida,1995,2ª
63,3,53,39,16,9,Salamanca,1995,2ª
55,4,39,35,14,11,Osasuna,1995,2ª
55,5,32,27,12,7,Éibar,1995,2ª
53,6,64,48,11,7,Barcelona B,1995,2ª
52,7,42,40,13,12,Real Madrid B,1995,2ª
52,8,43,44,13,12,Hércules,1995,2ª
51,9,49,54,13,13,Toledo,1995,2ª
51,10,53,40,13,13,Mallorca,1995,2ª
49,11,41,36,11,11,Villarreal,1995,2ª
47,12,42,54,13,17,Marbella,1995,2ª
43,13,32,40,9,13,Badajoz,1995,2ª
42,14,35,48,8,12,Extremadura,1995,2ª
42,15,42,52,10,16,Ath. Bilbao B,1995,2ª
38,16,52,57,8,16,Palamós,1995,2ª
38,17,39,66,10,20,Leganés,1995,2ª
35,18,26,42,5,13,Getafe,1995,2ª
24,19,26,71,4,22,Ourense,1995,2ª
87,0,75,32,26,7,At. Madrid,1996,1ª
83,1,77,51,26,11,Valencia,1996,1ª
80,2,72,39,22,6,Barcelona,1996,1ª
74,3,63,36,20,8,Espanyol,1996,1ª
72,4,69,54,20,10,Tenerife,1996,1ª
63,5,62,53,17,13,Real Sociedad,1996,1ª
62,6,61,54,16,12,Betis,1996,1ª
61,7,63,44,16,13,Dptivo. Coruña,1996,1ª
59,8,47,54,17,17,Compostela,1996,1ª
52,9,49,51,12,14,Celta,1996,1ª
48,10,44,55,11,16,Ath. Bilbao,1996,1ª
48,11,43,55,11,16,Sevilla,1996,1ª
48,12,51,59,11,16,Zaragoza,1996,1ª
48,13,48,67,12,18,Oviedo,1996,1ª
47,14,47,69,11,17,Rac. Santander,1996,1ª
47,15,57,62,11,17,Valladolid,1996,1ª
46,16,51,60,13,22,Sporting Gijón,1996,1ª
44,17,47,75,12,22,Rayo Vallecano,1996,1ª
42,18,55,81,10,20,Albacete,1996,1ª
42,19,37,62,10,20,Mérida,1996,1ª
33,20,53,82,8,25,Salamanca,1996,1ª
73,0,61,30,21,7,Hércules,1996,2ª
72,1,60,37,21,10,Mallorca,1996,2ª
69,2,69,49,20,9,Logroñés,1996,2ª
68,3,50,33,19,10,Extremadura,1996,2ª
64,4,50,41,18,10,Real Madrid B,1996,2ª
62,5,48,31,18,12,Badajoz,1996,2ª
61,6,52,42,17,11,Alavés,1996,2ª
61,7,42,40,17,11,Leganés,1996,2ª
59,8,38,30,16,11,Toledo,1996,2ª
52,9,49,43,15,16,Osasuna,1996,2ª
48,10,40,49,12,14,Lleida,1996,2ª
46,11,24,31,10,12,Éibar,1996,2ª
45,12,34,60,12,17,Écija,1996,2ª
44,13,55,63,13,20,Barcelona B,1996,2ª
44,14,42,47,10,14,Almería,1996,2ª
44,15,32,39,11,16,Villarreal,1996,2ª
42,16,36,45,10,16,Sestao,1996,2ª
40,17,49,63,10,18,Ath. Bilbao B,1996,2ª
32,18,30,52,7,20,Getafe,1996,2ª
21,19,28,63,4,25,Marbella,1996,2ª
90,0,102,48,28,8,Barcelona,1997,1ª
77,1,81,46,21,7,Betis,1997,1ª
77,2,57,30,21,7,Dptivo. Coruña,1997,1ª
71,3,76,64,20,11,At. Madrid,1997,1ª
64,4,72,57,16,10,Ath. Bilbao,1997,1ª
64,5,57,46,18,14,Valladolid,1997,1ª
63,6,50,47,18,15,Real Sociedad,1997,1ª
56,7,69,57,15,16,Tenerife,1997,1ª
56,8,63,59,15,16,Valencia,1997,1ª
53,9,52,65,13,15,Compostela,1997,1ª
51,10,51,57,14,19,Espanyol,1997,1ª
50,11,58,66,12,16,Zaragoza,1997,1ª
50,12,45,63,13,18,Sporting Gijón,1997,1ª
50,13,52,54,11,14,Rac. Santander,1997,1ª
49,14,51,54,12,17,Celta,1997,1ª
48,15,49,65,12,18,Oviedo,1997,1ª
45,16,43,62,13,23,Rayo Vallecano,1997,1ª
44,17,35,64,11,20,Extremadura,1997,1ª
43,18,50,69,12,23,Sevilla,1997,1ª
41,19,40,77,12,25,Hércules,1997,1ª
33,20,33,85,9,27,Logroñés,1997,1ª
73,0,61,40,21,9,Mallorca,1997,2ª
72,1,57,35,21,8,Mérida,1997,2ª
71,2,72,33,20,7,Salamanca,1997,2ª
66,3,51,32,19,10,Albacete,1997,2ª
66,4,44,26,17,6,Éibar,1997,2ª
60,5,38,26,15,8,Badajoz,1997,2ª
52,6,54,46,13,12,Las Palmas,1997,2ª
52,7,43,39,13,12,Leganés,1997,2ª
50,8,53,46,13,14,Levante,1997,2ª
48,9,38,52,13,16,Villarreal,1997,2ª
48,10,48,41,12,14,Lleida,1997,2ª
47,11,43,47,12,15,Alavés,1997,2ª
47,12,57,61,12,15,At. Madrid B,1997,2ª
45,13,37,53,12,17,Toledo,1997,2ª
44,14,34,42,11,16,Osasuna,1997,2ª
44,15,35,46,11,16,Ourense,1997,2ª
41,16,40,51,9,15,Almería,1997,2ª
41,17,40,69,11,19,Real Madrid B,1997,2ª
34,18,40,63,7,18,Barcelona B,1997,2ª
74,0,78,56,23,10,Barcelona,1998,1ª
65,1,52,42,17,7,Ath. Bilbao,1998,1ª
63,2,63,45,17,9,Real Madrid,1998,1ª
63,3,60,37,16,7,Real Sociedad,1998,1ª
60,4,79,56,16,10,At. Madrid,1998,1ª
60,5,55,39,16,10,Mallorca,1998,1ª
60,6,54,47,17,12,Celta,1998,1ª
59,7,49,50,17,13,Betis,1998,1ª
55,8,58,52,16,15,Valencia,1998,1ª
53,9,44,31,12,9,Espanyol,1998,1ª
50,10,36,47,13,14,Valladolid,1998,1ª
49,11,44,46,12,13,Dptivo. Coruña,1998,1ª
45,12,44,57,11,15,Tenerife,1998,1ª
45,13,46,55,12,17,Rac. Santander,1998,1ª
45,14,46,46,12,17,Salamanca,1998,1ª
44,15,56,66,11,16,Compostela,1998,1ª
40,16,36,51,9,16,Oviedo,1998,1ª
39,17,33,53,9,17,Mérida,1998,1ª
13,18,31,80,2,29,Sporting Gijón,1998,1ª
82,0,54,25,24,8,Alavés,1998,2ª
79,1,60,38,23,9,Extremadura,1998,2ª
76,2,75,51,20,8,Las Palmas,1998,2ª
75,3,52,39,19,7,Villarreal,1998,2ª
63,4,50,46,18,15,Lleida,1998,2ª
63,5,48,37,16,11,Badajoz,1998,2ª
62,6,47,44,17,14,Sevilla,1998,2ª
60,7,51,48,17,16,Rayo Vallecano,1998,2ª
60,8,64,49,16,14,At. Madrid B,1998,2ª
57,9,38,32,14,13,Éibar,1998,2ª
56,10,43,48,14,14,Toledo,1998,2ª
56,11,46,43,14,14,Hércules,1998,2ª
53,12,45,54,13,15,Leganés,1998,2ª
50,13,36,42,13,18,Osasuna,1998,2ª
50,14,41,53,13,18,Albacete,1998,2ª
49,15,37,46,12,17,Ourense,1998,2ª
47,16,33,50,10,15,Numancia,1998,2ª
46,17,38,43,10,16,Logroñés,1998,2ª
45,18,45,56,11,19,Elche,1998,2ª
45,19,39,52,9,15,Jaén,1998,2ª
38,20,24,49,8,20,Xerez,1998,2ª
35,21,37,59,8,23,Levante,1998,2ª
79,0,87,43,24,7,Barcelona,1999,1ª
68,1,77,62,21,12,Real Madrid,1999,1ª
66,2,48,31,20,12,Mallorca,1999,1ª
65,3,63,39,19,11,Valencia,1999,1ª
64,4,69,41,17,8,Celta,1999,1ª
63,5,55,43,17,9,Dptivo. Coruña,1999,1ª
61,6,49,38,16,9,Espanyol,1999,1ª
60,7,53,47,17,12,Ath. Bilbao,1999,1ª
57,8,57,46,16,13,Zaragoza,1999,1ª
54,9,47,43,14,12,Real Sociedad,1999,1ª
48,10,35,44,13,16,Valladolid,1999,1ª
46,11,54,50,12,16,At. Madrid,1999,1ª
45,12,41,57,11,15,Oviedo,1999,1ª
42,13,41,53,10,16,Rac. Santander,1999,1ª
40,14,36,63,11,20,Alavés,1999,1ª
39,15,27,53,9,17,Extremadura,1999,1ª
36,16,47,63,8,18,Villarreal,1999,1ª
34,17,41,63,7,18,Tenerife,1999,1ª
27,18,29,66,7,25,Salamanca,1999,1ª
79,0,72,47,22,7,Málaga,1999,2ª
77,1,69,50,22,11,Sevilla,1999,2ª
77,2,68,49,21,9,Rayo Vallecano,1999,2ª
74,3,73,51,21,10,At. Madrid B,1999,2ª
73,4,68,40,21,11,Numancia,1999,2ª
68,5,57,38,17,8,Las Palmas,1999,2ª
65,6,54,49,18,13,Toledo,1999,2ª
61,7,60,53,16,13,Compostela,1999,2ª
59,8,52,50,15,13,Lleida,1999,2ª
59,9,48,41,15,13,Mérida,1999,2ª
59,10,47,47,16,15,Sporting Gijón,1999,2ª
58,11,40,35,14,12,Rec. Huelva,1999,2ª
57,12,44,51,15,15,Osasuna,1999,2ª
51,13,35,39,12,15,Badajoz,1999,2ª
50,14,38,43,12,16,Albacete,1999,2ª
48,15,48,57,12,18,Logroñés,1999,2ª
47,16,36,44,10,15,Leganés,1999,2ª
47,17,42,56,13,21,Éibar,1999,2ª
46,18,52,64,12,20,Mallorca B,1999,2ª
44,19,51,68,13,24,Barcelona B,1999,2ª
40,20,38,66,10,22,Hércules,1999,2ª
27,21,35,82,7,29,Ourense,1999,2ª
69,0,66,44,21,11,Dptivo. Coruña,2000,1ª
64,1,59,39,18,10,Valencia,2000,1ª
64,2,70,46,19,12,Barcelona,2000,1ª
63,3,60,40,16,7,Zaragoza,2000,1ª
62,4,58,48,16,8,Real Madrid,2000,1ª
61,5,41,37,17,11,Alavés,2000,1ª
53,6,36,44,14,13,Valladolid,2000,1ª
53,7,45,43,15,15,Celta,2000,1ª
51,8,52,45,14,15,Mallorca,2000,1ª
50,9,47,57,12,12,Ath. Bilbao,2000,1ª
48,10,55,50,11,12,Málaga,2000,1ª
47,11,51,48,12,15,Espanyol,2000,1ª
47,12,42,49,11,13,Real Sociedad,2000,1ª
46,13,52,50,10,12,Rac. Santander,2000,1ª
45,14,47,59,11,15,Numancia,2000,1ª
45,15,44,60,11,15,Oviedo,2000,1ª
42,16,33,56,11,18,Betis,2000,1ª
38,17,48,64,9,18,At. Madrid,2000,1ª
28,18,42,67,5,20,Sevilla,2000,1ª
72,0,60,41,20,10,Las Palmas,2000,2ª
67,1,50,36,20,15,Osasuna,2000,2ª
66,2,61,46,18,12,Villarreal,2000,2ª
66,3,54,43,18,12,Salamanca,2000,2ª
63,4,41,34,16,11,Mérida,2000,2ª
63,5,66,52,18,15,Lleida,2000,2ª
61,6,55,52,16,13,Levante,2000,2ª
61,7,49,47,16,13,Extremadura,2000,2ª
60,8,54,48,17,16,Sporting Gijón,2000,2ª
59,9,51,53,15,13,Albacete,2000,2ª
57,10,46,49,15,15,Córdoba,2000,2ª
56,11,39,47,14,14,Leganés,2000,2ª
55,12,50,48,14,15,Tenerife,2000,2ª
53,13,48,58,12,13,Elche,2000,2ª
51,14,38,39,9,9,Badajoz,2000,2ª
50,15,43,57,13,18,At. Madrid B,2000,2ª
49,16,50,53,10,13,Compostela,2000,2ª
48,17,39,51,13,20,Getafe,2000,2ª
46,18,52,56,11,18,Logroñés,2000,2ª
45,19,40,54,12,21,Rec. Huelva,2000,2ª
80,0,81,40,24,6,Real Madrid,2001,1ª
73,1,73,44,22,9,Dptivo. Coruña,2001,1ª
71,2,61,43,20,7,Mallorca,2001,1ª
63,3,80,57,17,9,Barcelona,2001,1ª
63,4,55,34,18,11,Valencia,2001,1ª
59,5,51,49,16,11,Celta,2001,1ª
57,6,58,52,16,13,Villarreal,2001,1ª
56,7,60,61,16,14,Málaga,2001,1ª
50,8,46,44,14,16,Espanyol,2001,1ª
49,9,58,59,14,17,Alavés,2001,1ª
46,10,42,62,13,18,Las Palmas,2001,1ª
43,11,56,68,10,15,Rayo Vallecano,2001,1ª
43,12,44,60,11,17,Ath. Bilbao,2001,1ª
43,13,52,68,11,17,Real Sociedad,2001,1ª
42,14,42,50,9,14,Valladolid,2001,1ª
42,15,43,54,10,16,Osasuna,2001,1ª
42,16,54,57,9,14,Zaragoza,2001,1ª
41,17,51,67,11,19,Oviedo,2001,1ª
39,18,40,64,10,19,Numancia,2001,1ª
80,0,66,39,23,8,Sevilla,2001,2ª
75,1,49,32,21,9,Betis,2001,2ª
74,2,59,39,21,10,At. Madrid,2001,2ª
74,3,58,32,21,10,Tenerife,2001,2ª
66,4,46,40,18,12,Albacete,2001,2ª
65,5,45,29,15,7,Rec. Huelva,2001,2ª
63,6,55,49,17,13,Sporting Gijón,2001,2ª
60,7,58,50,13,8,Levante,2001,2ª
59,8,37,40,15,13,Jaén,2001,2ª
59,9,51,48,17,17,Salamanca,2001,2ª
58,10,42,46,16,16,Extremadura,2001,2ª
56,11,40,43,14,14,Córdoba,2001,2ª
52,12,53,54,13,16,Murcia,2001,2ª
50,13,46,50,12,16,Ferrol,2001,2ª
50,14,30,32,11,14,Éibar,2001,2ª
47,15,45,41,9,13,Leganés,2001,2ª
46,16,45,56,10,16,Elche,2001,2ª
45,17,41,65,11,19,Compostela,2001,2ª
39,18,34,63,8,19,Univ.Las Palmas,2001,2ª
35,19,42,65,8,23,Getafe,2001,2ª
75,0,51,27,21,5,Valencia,2002,1ª
68,1,65,41,20,10,Dptivo. Coruña,2002,1ª
66,2,69,44,19,10,Real Madrid,2002,1ª
64,3,65,37,18,10,Barcelona,2002,1ª
60,4,64,46,16,10,Celta,2002,1ª
54,5,41,44,17,18,Alavés,2002,1ª
53,6,54,66,14,13,Ath. Bilbao,2002,1ª
53,7,51,40,14,13,Sevilla,2002,1ª
53,8,44,44,13,11,Málaga,2002,1ª
49,9,46,52,13,15,Rayo Vallecano,2002,1ª
48,10,45,58,13,16,Valladolid,2002,1ª
47,11,48,54,13,17,Real Sociedad,2002,1ª
47,12,47,56,13,17,Espanyol,2002,1ª
43,13,46,55,11,17,Villarreal,2002,1ª
43,14,40,52,11,17,Mallorca,2002,1ª
42,15,36,49,10,16,Osasuna,2002,1ª
40,16,40,50,9,16,Las Palmas,2002,1ª
38,17,32,58,10,20,Tenerife,2002,1ª
37,18,35,54,9,19,Zaragoza,2002,1ª
79,0,68,44,23,9,At. Madrid,2002,2ª
71,1,58,37,19,9,Rac. Santander,2002,2ª
66,2,43,42,19,14,Xerez,2002,2ª
65,3,52,39,17,11,Elche,2002,2ª
64,4,57,47,17,12,Sporting Gijón,2002,2ª
58,5,41,27,14,12,Éibar,2002,2ª
58,6,41,40,13,10,Oviedo,2002,2ª
56,7,58,60,16,18,Ferrol,2002,2ª
56,8,43,42,15,16,Albacete,2002,2ª
54,9,52,53,13,14,Salamanca,2002,2ª
53,10,40,46,13,15,Leganés,2002,2ª
53,11,46,51,14,17,Córdoba,2002,2ª
53,12,43,52,15,19,Badajoz,2002,2ª
52,13,37,38,12,14,Murcia,2002,2ª
52,14,31,37,12,14,Burgos,2002,2ª
51,15,45,53,13,17,Numancia,2002,2ª
50,16,41,54,12,16,Levante,2002,2ª
50,17,41,48,12,16,Ejido,2002,2ª
49,18,45,49,12,17,Gimn. Tarragona,2002,2ª
43,19,37,50,10,19,Extremadura,2002,2ª
78,0,86,42,22,4,Real Madrid,2003,1ª
76,1,71,45,22,6,Real Sociedad,2003,1ª
72,2,67,47,22,10,Dptivo. Coruña,2003,1ª
61,3,45,36,17,11,Celta,2003,1ª
60,4,56,35,17,12,Valencia,2003,1ª
56,5,63,47,15,12,Barcelona,2003,1ª
55,6,63,61,15,13,Ath. Bilbao,2003,1ª
54,7,56,53,14,12,Betis,2003,1ª
52,8,49,56,14,14,Mallorca,2003,1ª
50,9,38,39,13,14,Sevilla,2003,1ª
47,10,40,48,12,15,Osasuna,2003,1ª
47,11,51,56,12,15,At. Madrid,2003,1ª
46,12,44,49,11,14,Málaga,2003,1ª
46,13,37,40,12,16,Valladolid,2003,1ª
45,14,44,53,11,15,Villarreal,2003,1ª
44,15,54,64,13,20,Rac. Santander,2003,1ª
43,16,48,54,10,15,Espanyol,2003,1ª
36,17,35,61,8,18,Rec. Huelva,2003,1ª
32,18,31,62,7,20,Rayo Vallecano,2003,1ª
72,0,54,40,20,10,Zaragoza,2003,2ª
71,1,51,30,17,5,Albacete,2003,2ª
65,2,59,44,16,9,Levante,2003,2ª
64,3,55,53,17,12,Xerez,2003,2ª
64,4,53,43,16,10,Las Palmas,2003,2ª
60,5,44,32,14,10,Salamanca,2003,2ª
57,6,53,39,13,11,Tenerife,2003,2ª
55,7,54,56,14,15,Compostela,2003,2ª
53,8,52,55,13,15,Getafe,2003,2ª
53,9,44,41,11,11,Sporting Gijón,2003,2ª
52,10,36,45,12,14,Ejido,2003,2ª
52,11,41,46,11,12,Terrassa,2003,2ª
52,12,48,52,12,14,Numancia,2003,2ª
50,13,49,52,12,16,Elche,2003,2ª
50,14,33,38,11,14,Éibar,2003,2ª
50,15,54,63,12,16,Almería,2003,2ª
50,16,36,38,12,16,Córdoba,2003,2ª
48,17,44,51,11,16,Leganés,2003,2ª
46,18,40,60,11,18,Ferrol,2003,2ª
40,19,37,59,9,20,Oviedo,2003,2ª
77,0,71,27,23,7,Valencia,2004,1ª
72,1,63,39,21,8,Barcelona,2004,1ª
71,2,60,34,21,9,Dptivo. Coruña,2004,1ª
70,3,72,54,21,10,Real Madrid,2004,1ª
56,4,53,49,15,12,Ath. Bilbao,2004,1ª
55,5,56,45,15,13,Sevilla,2004,1ª
55,6,51,53,15,13,At. Madrid,2004,1ª
54,7,47,49,15,14,Villarreal,2004,1ª
51,8,54,66,15,17,Mallorca,2004,1ª
51,9,50,55,15,17,Málaga,2004,1ª
48,10,46,55,13,16,Zaragoza,2004,1ª
48,11,38,37,11,12,Osasuna,2004,1ª
47,12,40,48,13,17,Albacete,2004,1ª
46,13,49,53,11,14,Real Sociedad,2004,1ª
43,14,48,63,11,17,Rac. Santander,2004,1ª
43,15,48,64,13,21,Espanyol,2004,1ª
41,16,46,56,10,17,Valladolid,2004,1ª
39,17,48,68,9,17,Celta,2004,1ª
26,18,29,57,5,22,Murcia,2004,1ª
79,0,59,33,22,7,Levante,2004,2ª
76,1,55,38,20,6,Getafe,2004,2ª
76,2,60,30,22,10,Numancia,2004,2ª
74,3,48,32,20,8,Alavés,2004,2ª
70,4,58,40,20,12,Sporting Gijón,2004,2ª
62,5,45,34,14,8,Rec. Huelva,2004,2ª
61,6,52,47,17,15,Cádiz,2004,2ª
54,7,40,40,11,10,Tenerife,2004,2ª
54,8,47,49,12,12,Xerez,2004,2ª
52,9,44,39,12,14,Éibar,2004,2ª
51,10,47,44,10,11,Salamanca,2004,2ª
50,11,45,50,12,16,Terrassa,2004,2ª
50,12,50,63,13,18,Elche,2004,2ª
50,13,45,49,11,14,Almería,2004,2ª
49,14,37,42,11,15,Córdoba,2004,2ª
49,15,46,56,11,15,Málaga B,2004,2ª
49,16,29,40,12,17,Ejido,2004,2ª
49,17,51,63,11,15,Granada 74,2004,2ª
46,18,36,47,9,14,Leganés,2004,2ª
44,19,46,68,10,18,Las Palmas,2004,2ª
84,0,73,29,25,4,Barcelona,2005,1ª
80,1,71,32,25,8,Real Madrid,2005,1ª
65,2,69,37,18,9,Villarreal,2005,1ª
61,3,54,46,17,11,Espanyol,2005,1ª
60,4,44,41,17,12,Sevilla,2005,1ª
58,5,54,39,14,8,Valencia,2005,1ª
51,6,59,54,14,15,Ath. Bilbao,2005,1ª
51,7,40,48,15,17,Málaga,2005,1ª
51,8,46,50,12,11,Dptivo. Coruña,2005,1ª
50,9,40,34,13,14,At. Madrid,2005,1ª
50,10,52,57,14,16,Zaragoza,2005,1ª
47,11,47,56,13,17,Real Sociedad,2005,1ª
47,12,38,46,12,15,Getafe,2005,1ª
46,13,46,65,12,16,Osasuna,2005,1ª
44,14,41,58,12,18,Rac. Santander,2005,1ª
39,15,42,63,10,19,Mallorca,2005,1ª
37,16,39,58,9,19,Levante,2005,1ª
29,17,30,61,6,21,Numancia,2005,1ª
28,18,33,56,6,22,Albacete,2005,1ª
76,0,55,38,22,10,Celta,2005,2ª
76,1,68,30,21,8,Cádiz,2005,2ª
76,2,62,47,23,12,Alavés,2005,2ª
73,3,53,39,20,9,Éibar,2005,2ª
71,4,48,32,19,9,Rec. Huelva,2005,2ª
60,5,49,45,16,14,Gimn. Tarragona,2005,2ª
59,6,39,36,14,11,Xerez,2005,2ª
57,7,42,45,13,11,Tenerife,2005,2ª
57,8,51,52,16,17,Elche,2005,2ª
57,9,41,39,15,15,Sporting Gijón,2005,2ª
54,10,40,52,15,18,Murcia,2005,2ª
52,11,41,45,12,14,Ejido,2005,2ª
51,12,36,44,13,17,Almería,2005,2ª
50,13,46,54,13,18,Lleida,2005,2ª
49,14,55,54,12,17,Ferrol,2005,2ª
48,15,33,51,12,18,Málaga B,2005,2ª
47,16,49,57,10,15,Granada 74,2005,2ª
46,17,43,52,12,20,Córdoba,2005,2ª
44,18,45,63,12,22,Terrassa,2005,2ª
44,19,50,63,12,22,Salamanca,2005,2ª
82,0,80,35,25,6,Barcelona,2006,1ª
70,1,70,40,20,8,Real Madrid,2006,1ª
69,2,58,33,19,7,Valencia,2006,1ª
68,3,54,39,20,10,Sevilla,2006,1ª
68,4,49,43,21,12,Osasuna,2006,1ª
64,5,45,33,20,14,Celta,2006,1ª
57,6,50,39,14,9,Villarreal,2006,1ª
55,7,47,45,15,13,Dptivo. Coruña,2006,1ª
54,8,54,49,15,14,Getafe,2006,1ª
52,9,45,37,13,12,At. Madrid,2006,1ª
46,10,46,51,10,12,Zaragoza,2006,1ª
45,11,40,46,11,15,Ath. Bilbao,2006,1ª
43,12,37,51,10,15,Mallorca,2006,1ª
41,13,36,56,10,17,Espanyol,2006,1ª
40,14,36,49,9,16,Rac. Santander,2006,1ª
40,15,48,65,11,20,Real Sociedad,2006,1ª
39,16,35,54,9,17,Alavés,2006,1ª
36,17,36,52,8,18,Cádiz,2006,1ª
24,18,36,68,5,24,Málaga,2006,1ª
78,0,67,32,22,8,Rec. Huelva,2006,2ª
76,1,48,38,23,12,Gimn. Tarragona,2006,2ª
74,2,53,39,20,8,Levante,2006,2ª
72,3,53,42,20,10,Granada 74,2006,2ª
69,4,56,39,19,11,Lorca,2006,2ª
67,5,60,46,18,11,Xerez,2006,2ª
63,6,50,55,18,15,Numancia,2006,2ª
56,7,41,34,13,12,Sporting Gijón,2006,2ª
55,8,55,50,16,19,Real Madrid B,2006,2ª
55,9,54,54,14,15,Valladolid,2006,2ª
54,10,46,50,14,16,Castellón,2006,2ª
54,11,44,57,14,16,Albacete,2006,2ª
53,12,43,50,15,19,Ejido,2006,2ª
53,13,47,54,13,15,Elche,2006,2ª
52,14,39,49,13,16,Hércules,2006,2ª
52,15,41,40,13,16,Murcia,2006,2ª
51,16,53,60,13,17,Tenerife,2006,2ª
46,17,43,53,12,20,Lleida,2006,2ª
37,18,44,63,7,19,Ferrol,2006,2ª
36,19,42,68,8,22,Málaga B,2006,2ª
76,0,66,40,23,8,Real Madrid,2007,1ª
71,1,64,35,21,9,Sevilla,2007,1ª
66,2,57,42,20,12,Valencia,2007,1ª
62,3,48,44,18,12,Villarreal,2007,1ª
60,4,55,43,16,10,Zaragoza,2007,1ª
60,5,46,39,17,12,At. Madrid,2007,1ª
54,6,54,52,15,14,Rec. Huelva,2007,1ª
52,7,39,33,14,14,Getafe,2007,1ª
50,8,42,48,12,12,Rac. Santander,2007,1ª
49,9,41,47,14,17,Mallorca,2007,1ª
49,10,46,53,12,13,Espanyol,2007,1ª
47,11,32,45,12,15,Dptivo. Coruña,2007,1ª
46,12,51,49,13,18,Osasuna,2007,1ª
42,13,37,53,10,16,Levante,2007,1ª
40,14,44,62,10,18,Ath. Bilbao,2007,1ª
40,15,36,49,8,14,Betis,2007,1ª
39,16,40,59,10,19,Celta,2007,1ª
35,17,32,47,8,19,Real Sociedad,2007,1ª
28,18,34,69,7,24,Gimn. Tarragona,2007,1ª
88,0,70,35,26,6,Valladolid,2007,2ª
80,1,73,49,24,10,Almería,2007,2ª
63,2,52,44,18,15,Granada 74,2007,2ª
61,3,53,45,15,11,Cádiz,2007,2ª
60,4,49,48,16,14,Albacete,2007,2ª
60,5,48,51,18,18,Tenerife,2007,2ª
58,6,48,44,15,14,Numancia,2007,2ª
58,7,47,42,16,16,Xerez,2007,2ª
58,8,47,46,16,16,Elche,2007,2ª
58,9,52,50,16,16,Ejido,2007,2ª
57,10,53,50,15,15,Salamanca,2007,2ª
56,11,53,53,16,18,Sporting Gijón,2007,2ª
56,12,48,41,15,16,Castellón,2007,2ª
55,13,49,50,14,15,Málaga,2007,2ª
54,14,48,52,14,16,Hércules,2007,2ª
52,15,51,60,13,16,Alavés,2007,2ª
51,16,51,59,13,17,Las Palmas,2007,2ª
49,17,55,67,13,19,Real Madrid B,2007,2ª
46,18,45,61,11,18,Ponferradina,2007,2ª
37,19,37,60,9,23,Lorca,2007,2ª
85,0,84,36,27,7,Real Madrid,2008,1ª
77,1,63,40,24,9,Villarreal,2008,1ª
67,2,76,43,19,9,Barcelona,2008,1ª
64,3,75,49,20,14,Sevilla,2008,1ª
60,4,42,41,17,12,Rac. Santander,2008,1ª
59,5,69,54,15,9,Mallorca,2008,1ª
52,6,46,47,15,16,Dptivo. Coruña,2008,1ª
52,7,42,45,14,14,Almería,2008,1ª
51,8,48,62,15,17,Valencia,2008,1ª
50,9,40,43,13,14,Ath. Bilbao,2008,1ª
48,10,43,53,13,16,Espanyol,2008,1ª
47,11,44,48,12,15,Getafe,2008,1ª
47,12,45,51,12,15,Betis,2008,1ª
45,13,42,57,11,15,Valladolid,2008,1ª
44,14,40,60,11,16,Rec. Huelva,2008,1ª
43,15,37,44,12,19,Osasuna,2008,1ª
42,16,50,61,10,16,Zaragoza,2008,1ª
30,17,36,65,7,22,Murcia,2008,1ª
26,18,33,75,7,26,Levante,2008,1ª
77,0,59,38,22,9,Numancia,2008,2ª
72,1,61,40,20,10,Sporting Gijón,2008,2ª
72,2,58,42,20,10,Málaga,2008,2ª
68,3,55,39,18,10,Real Sociedad,2008,2ª
61,4,42,37,16,13,Castellón,2008,2ª
58,5,66,55,14,12,Hércules,2008,2ª
57,6,52,44,13,11,Salamanca,2008,2ª
56,7,43,48,14,14,Sevilla B,2008,2ª
54,8,44,50,14,16,Elche,2008,2ª
53,9,51,57,12,13,Tenerife,2008,2ª
52,10,42,51,14,18,Éibar,2008,2ª
52,11,56,55,13,16,Celta,2008,2ª
52,12,37,40,13,16,Albacete,2008,2ª
52,13,47,56,12,14,Xerez,2008,2ª
52,14,49,51,12,14,Gimn. Tarragona,2008,2ª
51,15,41,47,12,15,Alavés,2008,2ª
50,16,46,51,12,16,Ferrol,2008,2ª
50,17,50,56,11,14,Córdoba,2008,2ª
49,18,40,47,12,17,Cádiz,2008,2ª
45,19,45,59,10,17,Granada 74,2008,2ª
87,0,105,35,27,5,Barcelona,2009,1ª
78,1,83,52,25,10,Real Madrid,2009,1ª
70,2,54,39,21,10,Sevilla,2009,1ª
67,3,80,57,20,11,At. Madrid,2009,1ª
65,4,61,54,18,9,Villarreal,2009,1ª
62,5,68,54,18,12,Valencia,2009,1ª
58,6,48,47,16,12,Dptivo. Coruña,2009,1ª
51,7,53,60,14,15,Mallorca,2009,1ª
47,8,46,49,12,15,Espanyol,2009,1ª
46,9,45,61,13,18,Almería,2009,1ª
46,10,49,48,12,16,Rac. Santander,2009,1ª
44,11,47,62,12,18,Ath. Bilbao,2009,1ª
43,12,47,79,14,23,Sporting Gijón,2009,1ª
43,13,41,47,10,15,Osasuna,2009,1ª
43,14,46,58,12,19,Valladolid,2009,1ª
42,15,50,56,10,16,Getafe,2009,1ª
42,16,51,58,10,16,Betis,2009,1ª
35,17,38,69,10,23,Numancia,2009,1ª
33,18,34,57,8,21,Rec. Huelva,2009,1ª
82,0,73,42,24,8,Xerez,2009,2ª
81,1,79,47,24,9,Tenerife,2009,2ª
81,2,79,42,23,7,Zaragoza,2009,2ª
78,3,82,43,21,6,Hércules,2009,2ª
70,4,55,39,18,8,Rayo Vallecano,2009,2ª
67,5,48,38,17,9,Real Sociedad,2009,2ª
65,6,55,42,17,11,Castellón,2009,2ª
64,7,59,59,18,14,Levante,2009,2ª
60,8,59,50,16,14,Salamanca,2009,2ª
57,9,60,50,14,13,Gimn. Tarragona,2009,2ª
53,10,47,46,13,15,Huesca,2009,2ª
53,11,47,54,14,17,Córdoba,2009,2ª
53,12,52,50,13,15,Elche,2009,2ª
52,13,48,58,14,18,Murcia,2009,2ª
51,14,42,54,13,17,Albacete,2009,2ª
49,15,43,54,11,15,Girona,2009,2ª
48,16,46,56,10,14,Celta,2009,2ª
47,17,46,51,10,15,Las Palmas,2009,2ª
43,18,42,64,11,21,Alavés,2009,2ª
35,19,31,63,8,23,Éibar,2009,2ª
99,0,98,24,31,1,Barcelona,2010,1ª
96,1,102,35,31,4,Real Madrid,2010,1ª
71,2,59,40,21,9,Valencia,2010,1ª
63,3,65,49,19,13,Sevilla,2010,1ª
62,4,59,44,18,12,Mallorca,2010,1ª
58,5,58,48,17,14,Getafe,2010,1ª
56,6,58,57,16,14,Villarreal,2010,1ª
54,7,50,53,15,14,Ath. Bilbao,2010,1ª
47,8,35,49,13,17,Dptivo. Coruña,2010,1ª
44,9,29,46,11,16,Espanyol,2010,1ª
43,10,37,46,11,17,Osasuna,2010,1ª
42,11,43,55,10,16,Almería,2010,1ª
41,12,46,64,10,17,Zaragoza,2010,1ª
40,13,36,51,9,16,Sporting Gijón,2010,1ª
39,14,42,59,9,17,Rac. Santander,2010,1ª
37,15,42,48,7,15,Málaga,2010,1ª
36,16,37,62,7,16,Valladolid,2010,1ª
36,17,40,74,9,20,Tenerife,2010,1ª
34,18,38,66,8,20,Xerez,2010,1ª
74,0,53,37,20,8,Real Sociedad,2010,2ª
71,1,61,34,19,9,Hércules,2010,2ª
71,2,61,38,19,9,Betis,2010,2ª
71,3,63,45,19,9,Levante,2010,2ª
65,4,58,49,18,13,Cartagena,2010,2ª
63,5,67,57,18,15,Elche,2010,2ª
61,6,60,56,16,13,Villarreal B,2010,2ª
57,7,40,42,14,13,Rec. Huelva,2010,2ª
55,8,40,46,14,15,Córdoba,2010,2ª
53,9,67,58,13,15,Rayo Vallecano,2010,2ª
52,10,60,62,12,14,Albacete,2010,2ª
52,11,45,59,13,16,Girona,2010,2ª
52,12,36,40,12,14,Huesca,2010,2ª
52,13,44,54,13,16,Salamanca,2010,2ª
52,14,38,44,13,16,Celta,2010,2ª
51,15,49,49,12,15,Las Palmas,2010,2ª
51,16,42,55,14,19,Gimn. Tarragona,2010,2ª
50,17,49,51,11,14,Murcia,2010,2ª
50,18,49,64,12,16,Cádiz,2010,2ª
46,19,40,59,12,20,Real Unión,2010,2ª
96,0,95,21,30,2,Barcelona,2011,1ª
71,1,64,44,21,9,Valencia,2011,1ª
62,2,54,44,18,12,Villarreal,2011,1ª
58,3,62,61,17,14,Sevilla,2011,1ª
58,4,59,55,18,16,Ath. Bilbao,2011,1ª
58,5,62,53,17,14,At. Madrid,2011,1ª
49,6,46,55,15,19,Espanyol,2011,1ª
47,7,45,46,13,17,Osasuna,2011,1ª
47,8,35,42,11,13,Sporting Gijón,2011,1ª
46,9,54,68,13,18,Málaga,2011,1ª
46,10,41,56,12,16,Rac. Santander,2011,1ª
45,11,49,66,14,21,Real Sociedad,2011,1ª
45,12,40,53,12,17,Zaragoza,2011,1ª
45,13,41,52,12,17,Levante,2011,1ª
44,14,49,60,12,18,Getafe,2011,1ª
44,15,41,56,12,18,Mallorca,2011,1ª
43,16,31,47,10,15,Dptivo. Coruña,2011,1ª
35,17,36,60,9,21,Hércules,2011,1ª
30,18,36,70,6,20,Almería,2011,1ª
83,0,85,44,25,9,Betis,2011,2ª
79,1,73,48,23,9,Rayo Vallecano,2011,2ª
74,2,59,45,19,10,Elche,2011,2ª
73,3,73,49,19,11,Granada,2011,2ª
71,4,85,62,20,11,Barcelona B,2011,2ª
70,5,63,44,18,10,Celta,2011,2ª
69,6,67,54,20,15,Valladolid,2011,2ª
60,7,60,64,17,16,Xerez,2011,2ª
57,8,65,63,17,19,Numancia,2011,2ª
57,9,58,56,15,15,Girona,2011,2ª
56,10,44,37,12,10,Rec. Huelva,2011,2ª
56,11,48,63,16,18,Cartagena,2011,2ª
55,12,39,45,13,13,Huesca,2011,2ª
54,13,56,71,13,14,Las Palmas,2011,2ª
52,14,58,63,13,16,Córdoba,2011,2ª
51,15,43,63,15,21,Villarreal B,2011,2ª
49,16,37,45,12,17,Gimn. Tarragona,2011,2ª
46,17,46,68,13,22,Salamanca,2011,2ª
38,18,42,66,9,22,Tenerife,2011,2ª
34,19,36,63,5,18,Ponferradina,2011,2ª
100,0,121,32,32,2,Real Madrid,2012,1ª
91,1,114,29,28,3,Barcelona,2012,1ª
61,2,59,44,17,11,Valencia,2012,1ª
58,3,54,53,17,14,Málaga,2012,1ª
56,4,53,46,15,12,At. Madrid,2012,1ª
55,5,54,50,16,15,Levante,2012,1ª
54,6,44,61,13,10,Osasuna,2012,1ª
52,7,42,46,14,14,Mallorca,2012,1ª
50,8,48,47,13,14,Sevilla,2012,1ª
49,9,49,52,12,13,Ath. Bilbao,2012,1ª
47,10,40,51,12,15,Getafe,2012,1ª
47,11,46,52,12,15,Real Sociedad,2012,1ª
47,12,47,56,13,17,Betis,2012,1ª
46,13,46,56,12,16,Espanyol,2012,1ª
43,14,53,73,13,21,Rayo Vallecano,2012,1ª
42,15,35,56,12,20,Granada,2012,1ª
41,16,39,53,9,15,Villarreal,2012,1ª
37,17,42,69,10,21,Sporting Gijón,2012,1ª
27,18,28,63,4,19,Rac. Santander,2012,1ª
91,0,76,45,29,9,Dptivo. Coruña,2012,2ª
90,1,74,38,25,6,Valladolid,2012,2ª
85,2,83,37,26,9,Celta,2012,2ª
74,3,63,44,22,14,Hércules,2012,2ª
72,4,52,46,20,12,Córdoba,2012,2ª
70,5,63,43,18,8,Almería,2012,2ª
59,6,63,53,16,15,Barcelona B,2012,2ª
58,7,58,59,16,16,Las Palmas,2012,2ª
57,8,54,52,15,15,Numancia,2012,2ª
57,9,56,58,17,19,Elche,2012,2ª
52,10,54,64,14,18,Villarreal B,2012,2ª
51,11,49,63,14,19,Huesca,2012,2ª
50,12,50,66,13,18,Xerez,2012,2ª
49,13,58,61,12,17,Girona,2012,2ª
49,14,50,75,14,21,Guadalajara,2012,2ª
47,15,49,67,13,21,Murcia,2012,2ª
47,16,49,52,12,19,Rec. Huelva,2012,2ª
46,17,45,64,11,18,Sabadell,2012,2ª
40,18,37,58,9,20,Cartagena,2012,2ª
37,19,46,78,9,23,Alcoyano,2012,2ª
100,0,115,40,32,2,Barcelona,2013,1ª
85,1,103,42,26,5,Real Madrid,2013,1ª
76,2,65,31,23,8,At. Madrid,2013,1ª
66,3,70,49,18,8,Real Sociedad,2013,1ª
65,4,67,54,19,11,Valencia,2013,1ª
57,5,53,50,16,13,Málaga,2013,1ª
53,6,50,66,16,17,Rayo Vallecano,2013,1ª
50,7,58,54,14,16,Sevilla,2013,1ª
47,8,43,57,13,17,Getafe,2013,1ª
46,9,40,57,12,16,Levante,2013,1ª
45,10,44,65,12,17,Ath. Bilbao,2013,1ª
44,11,43,52,11,16,Espanyol,2013,1ª
43,12,49,58,11,17,Valladolid,2013,1ª
42,13,37,54,11,18,Granada,2013,1ª
39,14,33,50,10,19,Osasuna,2013,1ª
37,15,37,52,10,21,Celta,2013,1ª
36,16,43,72,9,20,Mallorca,2013,1ª
35,17,47,70,8,19,Dptivo. Coruña,2013,1ª
34,18,37,62,9,22,Zaragoza,2013,1ª
84,0,79,52,25,12,Almería,2013,2ª
82,1,54,27,23,6,Elche,2013,2ª
77,2,68,38,21,7,Villarreal,2013,2ª
75,3,78,62,22,15,Girona,2013,2ª
70,4,59,59,21,16,Alcorcón,2013,2ª
67,5,64,58,18,13,Las Palmas,2013,2ª
59,6,80,62,17,17,Real Madrid B,2013,2ª
57,7,76,71,15,15,Barcelona B,2013,2ª
56,8,46,54,15,16,Lugo,2013,2ª
56,9,60,53,15,16,Sporting Gijón,2013,2ª
55,10,53,55,13,13,Numancia,2013,2ª
54,11,46,57,15,18,Rec. Huelva,2013,2ª
54,12,55,55,15,18,Córdoba,2013,2ª
52,13,35,51,13,16,Mirandés,2013,2ª
52,14,54,69,14,18,Sabadell,2013,2ª
50,15,46,53,12,16,Guadalajara,2013,2ª
50,16,43,53,13,18,Hércules,2013,2ª
47,17,43,56,12,19,Murcia,2013,2ª
46,18,38,51,12,20,Rac. Santander,2013,2ª
45,19,46,58,11,19,Huesca,2013,2ª
90,0,77,26,28,4,At. Madrid,2014,1ª
87,1,100,33,27,5,Barcelona,2014,1ª
87,2,104,38,27,5,Real Madrid,2014,1ª
70,3,66,39,20,8,Ath. Bilbao,2014,1ª
63,4,69,52,18,11,Sevilla,2014,1ª
59,5,60,44,17,13,Villarreal,2014,1ª
59,6,62,55,16,11,Real Sociedad,2014,1ª
49,7,49,54,14,17,Celta,2014,1ª
49,8,51,53,13,15,Valencia,2014,1ª
48,9,35,43,12,14,Levante,2014,1ª
43,10,46,80,13,21,Rayo Vallecano,2014,1ª
42,11,35,54,11,18,Getafe,2014,1ª
42,12,41,51,11,18,Espanyol,2014,1ª
41,13,32,56,12,21,Granada,2014,1ª
40,14,43,71,11,20,Almería,2014,1ª
40,15,30,50,9,16,Elche,2014,1ª
39,16,32,62,10,19,Osasuna,2014,1ª
36,17,38,60,7,16,Valladolid,2014,1ª
25,18,36,78,6,25,Betis,2014,1ª
71,0,49,28,19,9,Éibar,2014,2ª
71,1,54,51,20,15,Las Palmas,2014,2ª
69,2,48,36,19,11,Dptivo. Coruña,2014,2ª
67,3,49,45,17,13,Córdoba,2014,2ª
66,4,56,46,16,10,Murcia,2014,2ª
64,5,63,53,16,12,Sporting Gijón,2014,2ª
61,6,53,53,16,13,Rec. Huelva,2014,2ª
59,7,46,40,16,15,Alcorcón,2014,2ª
59,8,52,59,17,17,Sabadell,2014,2ª
54,9,41,48,14,16,Lugo,2014,2ª
54,10,46,49,15,18,Tenerife,2014,2ª
54,11,42,41,11,10,Numancia,2014,2ª
53,12,49,53,13,15,Zaragoza,2014,2ª
51,13,57,57,13,17,Alavés,2014,2ª
51,14,46,57,12,15,Mallorca,2014,2ª
51,15,52,50,12,15,Girona,2014,2ª
51,16,46,49,13,17,Ponferradina,2014,2ª
50,17,39,56,13,18,Mirandés,2014,2ª
49,18,49,56,13,19,Real Madrid B,2014,2ª
48,19,43,49,12,18,Jaén,2014,2ª
94,0,110,21,30,4,Barcelona,2015,1ª
92,1,118,38,30,6,Real Madrid,2015,1ª
78,2,67,29,23,6,At. Madrid,2015,1ª
77,3,70,32,22,5,Valencia,2015,1ª
76,4,71,45,23,8,Sevilla,2015,1ª
60,5,48,37,16,10,Villarreal,2015,1ª
55,6,42,41,15,13,Ath. Bilbao,2015,1ª
51,7,47,44,13,13,Celta,2015,1ª
50,8,42,48,14,16,Málaga,2015,1ª
49,9,46,68,15,19,Rayo Vallecano,2015,1ª
49,10,47,51,13,15,Espanyol,2015,1ª
46,11,44,51,11,14,Real Sociedad,2015,1ª
41,12,35,62,11,19,Elche,2015,1ª
37,13,33,64,10,21,Getafe,2015,1ª
37,14,34,67,9,19,Levante,2015,1ª
35,15,34,55,9,21,Éibar,2015,1ª
35,16,29,64,7,17,Granada,2015,1ª
32,17,35,64,8,22,Almería,2015,1ª
20,18,22,68,3,24,Córdoba,2015,1ª
85,0,67,39,25,9,Girona,2015,2ª
84,1,73,40,25,8,Betis,2015,2ª
83,2,77,51,23,9,Las Palmas,2015,2ª
82,3,57,27,21,2,Sporting Gijón,2015,2ª
74,4,66,41,21,12,Valladolid,2015,2ª
60,5,55,51,16,14,Ponferradina,2015,2ª
59,6,42,44,16,15,Mirandés,2015,2ª
57,7,41,41,15,15,Llagostera,2015,2ª
56,8,48,42,15,16,Leganés,2015,2ª
54,9,44,49,12,12,Alcorcón,2015,2ª
53,10,54,55,12,13,Numancia,2015,2ª
53,11,49,53,14,17,Alavés,2015,2ª
51,12,55,65,14,19,Albacete,2015,2ª
49,13,48,56,11,15,Lugo,2015,2ª
48,14,41,48,11,16,Tenerife,2015,2ª
48,15,51,64,13,20,Mallorca,2015,2ª
45,16,41,60,11,19,Osasuna,2015,2ª
44,17,42,53,12,22,Rac. Santander,2015,2ª
41,18,37,59,10,21,Rec. Huelva,2015,2ª
38,19,41,66,8,20,Sabadell,2015,2ª
54,0,56,17,17,2,Barcelona,2016,1ª
51,1,34,11,16,4,At. Madrid,2016,1ª
50,2,66,21,15,3,Real Madrid,2016,1ª
45,3,29,18,13,4,Villarreal,2016,1ª
37,4,32,24,10,6,Sevilla,2016,1ª
35,5,33,30,10,8,Ath. Bilbao,2016,1ª
35,6,34,36,10,8,Celta,2016,1ª
33,7,36,31,9,8,Éibar,2016,1ª
31,8,31,28,6,4,Dptivo. Coruña,2016,1ª
30,9,21,20,8,9,Málaga,2016,1ª
26,10,26,35,7,11,Getafe,2016,1ª
25,11,16,31,6,10,Betis,2016,1ª
25,12,26,24,5,8,Valencia,2016,1ª
23,13,30,47,6,12,Rayo Vallecano,2016,1ª
22,14,20,41,6,12,Espanyol,2016,1ª
22,15,24,36,6,12,Sporting Gijón,2016,1ª
21,16,23,36,5,12,Las Palmas,2016,1ª
20,17,25,46,5,13,Granada,2016,1ª
17,18,21,43,4,14,Levante,2016,1ª
46,0,31,21,14,6,Alavés,2016,2ª
40,1,32,20,10,4,Leganés,2016,2ª
40,2,34,31,12,8,Córdoba,2016,2ª
39,3,34,28,10,5,Oviedo,2016,2ª
39,4,28,24,11,7,Osasuna,2016,2ª
38,5,30,25,10,6,Gimn. Tarragona,2016,2ª
38,6,24,24,10,6,Elche,2016,2ª
38,7,40,30,10,6,Mirandés,2016,2ª
36,8,29,26,10,8,Alcorcón,2016,2ª
33,9,26,23,8,7,Valladolid,2016,2ª
33,10,26,28,7,5,Lugo,2016,2ª
30,11,31,30,6,6,Numancia,2016,2ª
30,12,29,32,7,8,Tenerife,2016,2ª
30,13,26,22,7,8,Girona,2016,2ª
27,14,24,28,7,11,Ponferradina,2016,2ª
26,15,24,28,5,8,Huesca,2016,2ª
26,16,20,25,6,10,Mallorca,2016,2ª
25,17,26,34,6,11,Albacete,2016,2ª
22,18,24,33,4,10,Almería,2016,2ª
18,19,14,27,4,14,Ath. Bilbao B,2016,2ª
